COUNTRY_CODE,COUNTRY,POP_2008,SPORT,GENDER,MEDAL
AFG,Afghanistan,27032197,Taekwondo,Men,Bronze
ALG,Algeria,34569591,Judo,Women,Bronze
ALG,Algeria,34569591,Judo,Men,Silver
ARG,Argentina,39676083,Basketball,Men,Bronze
ARG,Argentina,39676083,Basketball,Men,Bronze
ARG,Argentina,39676083,Basketball,Men,Bronze
ARG,Argentina,39676083,Basketball,Men,Bronze
ARG,Argentina,39676083,Basketball,Men,Bronze
ARG,Argentina,39676083,Basketball,Men,Bronze
ARG,Argentina,39676083,Basketball,Men,Bronze
ARG,Argentina,39676083,Basketball,Men,Bronze
ARG,Argentina,39676083,Basketball,Men,Bronze
ARG,Argentina,39676083,Basketball,Men,Bronze
ARG,Argentina,39676083,Basketball,Men,Bronze
ARG,Argentina,39676083,Basketball,Men,Bronze
ARG,Argentina,39676083,Cycling,Men,Gold
ARG,Argentina,39676083,Cycling,Men,Gold
ARG,Argentina,39676083,Football,Men,Gold
ARG,Argentina,39676083,Football,Men,Gold
ARG,Argentina,39676083,Football,Men,Gold
ARG,Argentina,39676083,Football,Men,Gold
ARG,Argentina,39676083,Football,Men,Gold
ARG,Argentina,39676083,Football,Men,Gold
ARG,Argentina,39676083,Football,Men,Gold
ARG,Argentina,39676083,Football,Men,Gold
ARG,Argentina,39676083,Football,Men,Gold
ARG,Argentina,39676083,Football,Men,Gold
ARG,Argentina,39676083,Football,Men,Gold
ARG,Argentina,39676083,Football,Men,Gold
ARG,Argentina,39676083,Football,Men,Gold
ARG,Argentina,39676083,Football,Men,Gold
ARG,Argentina,39676083,Football,Men,Gold
ARG,Argentina,39676083,Football,Men,Gold
ARG,Argentina,39676083,Football,Men,Gold
ARG,Argentina,39676083,Football,Men,Gold
ARG,Argentina,39676083,Hockey,Women,Bronze
ARG,Argentina,39676083,Hockey,Women,Bronze
ARG,Argentina,39676083,Hockey,Women,Bronze
ARG,Argentina,39676083,Hockey,Women,Bronze
ARG,Argentina,39676083,Hockey,Women,Bronze
ARG,Argentina,39676083,Hockey,Women,Bronze
ARG,Argentina,39676083,Hockey,Women,Bronze
ARG,Argentina,39676083,Hockey,Women,Bronze
ARG,Argentina,39676083,Hockey,Women,Bronze
ARG,Argentina,39676083,Hockey,Women,Bronze
ARG,Argentina,39676083,Hockey,Women,Bronze
ARG,Argentina,39676083,Hockey,Women,Bronze
ARG,Argentina,39676083,Hockey,Women,Bronze
ARG,Argentina,39676083,Hockey,Women,Bronze
ARG,Argentina,39676083,Hockey,Women,Bronze
ARG,Argentina,39676083,Hockey,Women,Bronze
ARG,Argentina,39676083,Judo,Women,Bronze
ARG,Argentina,39676083,Sailing,Men,Bronze
ARG,Argentina,39676083,Sailing,Men,Bronze
ARM,Armenia,2977488,Boxing,Men,Bronze
ARM,Armenia,2977488,Weightlifting,Men,Bronze
ARM,Armenia,2977488,Weightlifting,Men,Bronze
ARM,Armenia,2977488,Weightlifting,Men,Bronze
ARM,Armenia,2977488,Wrestling,Men,Bronze
ARM,Armenia,2977488,Wrestling,Men,Bronze
AUS,Australia,21249200,Aquatics,Men,Bronze
AUS,Australia,21249200,Aquatics,Men,Bronze
AUS,Australia,21249200,Aquatics,Men,Bronze
AUS,Australia,21249200,Aquatics,Men,Bronze
AUS,Australia,21249200,Aquatics,Women,Bronze
AUS,Australia,21249200,Aquatics,Women,Bronze
AUS,Australia,21249200,Aquatics,Women,Bronze
AUS,Australia,21249200,Aquatics,Women,Bronze
AUS,Australia,21249200,Aquatics,Women,Bronze
AUS,Australia,21249200,Aquatics,Women,Bronze
AUS,Australia,21249200,Aquatics,Women,Bronze
AUS,Australia,21249200,Aquatics,Women,Bronze
AUS,Australia,21249200,Aquatics,Women,Bronze
AUS,Australia,21249200,Aquatics,Women,Bronze
AUS,Australia,21249200,Aquatics,Women,Bronze
AUS,Australia,21249200,Aquatics,Women,Bronze
AUS,Australia,21249200,Aquatics,Women,Bronze
AUS,Australia,21249200,Aquatics,Men,Bronze
AUS,Australia,21249200,Aquatics,Women,Gold
AUS,Australia,21249200,Aquatics,Men,Bronze
AUS,Australia,21249200,Aquatics,Women,Bronze
AUS,Australia,21249200,Aquatics,Women,Gold
AUS,Australia,21249200,Aquatics,Men,Silver
AUS,Australia,21249200,Aquatics,Women,Silver
AUS,Australia,21249200,Aquatics,Men,Silver
AUS,Australia,21249200,Aquatics,Men,Silver
AUS,Australia,21249200,Aquatics,Women,Silver
AUS,Australia,21249200,Aquatics,Women,Bronze
AUS,Australia,21249200,Aquatics,Women,Gold
AUS,Australia,21249200,Aquatics,Women,Gold
AUS,Australia,21249200,Aquatics,Men,Bronze
AUS,Australia,21249200,Aquatics,Men,Bronze
AUS,Australia,21249200,Aquatics,Men,Bronze
AUS,Australia,21249200,Aquatics,Men,Bronze
AUS,Australia,21249200,Aquatics,Men,Gold
AUS,Australia,21249200,Aquatics,Women,Silver
AUS,Australia,21249200,Aquatics,Women,Silver
AUS,Australia,21249200,Aquatics,Women,Gold
AUS,Australia,21249200,Aquatics,Women,Gold
AUS,Australia,21249200,Aquatics,Women,Gold
AUS,Australia,21249200,Aquatics,Women,Gold
AUS,Australia,21249200,Aquatics,Women,Gold
AUS,Australia,21249200,Aquatics,Women,Gold
AUS,Australia,21249200,Aquatics,Women,Gold
AUS,Australia,21249200,Aquatics,Women,Gold
AUS,Australia,21249200,Aquatics,Women,Bronze
AUS,Australia,21249200,Aquatics,Men,Bronze
AUS,Australia,21249200,Aquatics,Men,Bronze
AUS,Australia,21249200,Aquatics,Women,Bronze
AUS,Australia,21249200,Aquatics,Women,Bronze
AUS,Australia,21249200,Aquatics,Women,Bronze
AUS,Australia,21249200,Aquatics,Women,Bronze
AUS,Australia,21249200,Aquatics,Women,Bronze
AUS,Australia,21249200,Aquatics,Men,Silver
AUS,Australia,21249200,Aquatics,Men,Silver
AUS,Australia,21249200,Aquatics,Men,Silver
AUS,Australia,21249200,Aquatics,Men,Silver
AUS,Australia,21249200,Aquatics,Men,Silver
AUS,Australia,21249200,Aquatics,Men,Silver
AUS,Australia,21249200,Aquatics,Men,Silver
AUS,Australia,21249200,Aquatics,Men,Silver
AUS,Australia,21249200,Aquatics,Women,Gold
AUS,Australia,21249200,Aquatics,Women,Gold
AUS,Australia,21249200,Aquatics,Women,Gold
AUS,Australia,21249200,Aquatics,Women,Gold
AUS,Australia,21249200,Aquatics,Women,Gold
AUS,Australia,21249200,Aquatics,Women,Gold
AUS,Australia,21249200,Aquatics,Women,Gold
AUS,Australia,21249200,Aquatics,Men,Bronze
AUS,Australia,21249200,Aquatics,Men,Bronze
AUS,Australia,21249200,Athletics,Men,Silver
AUS,Australia,21249200,Athletics,Men,Gold
AUS,Australia,21249200,Athletics,Men,Bronze
AUS,Australia,21249200,Athletics,Women,Silver
AUS,Australia,21249200,Basketball,Women,Silver
AUS,Australia,21249200,Basketball,Women,Silver
AUS,Australia,21249200,Basketball,Women,Silver
AUS,Australia,21249200,Basketball,Women,Silver
AUS,Australia,21249200,Basketball,Women,Silver
AUS,Australia,21249200,Basketball,Women,Silver
AUS,Australia,21249200,Basketball,Women,Silver
AUS,Australia,21249200,Basketball,Women,Silver
AUS,Australia,21249200,Basketball,Women,Silver
AUS,Australia,21249200,Basketball,Women,Silver
AUS,Australia,21249200,Basketball,Women,Silver
AUS,Australia,21249200,Basketball,Women,Silver
AUS,Australia,21249200,Canoe / Kayak,Men,Bronze
AUS,Australia,21249200,Canoe / Kayak,Women,Bronze
AUS,Australia,21249200,Canoe / Kayak,Women,Bronze
AUS,Australia,21249200,Canoe / Kayak,Women,Bronze
AUS,Australia,21249200,Canoe / Kayak,Women,Bronze
AUS,Australia,21249200,Canoe / Kayak,Men,Bronze
AUS,Australia,21249200,Canoe / Kayak,Women,Silver
AUS,Australia,21249200,Canoe / Kayak,Men,Gold
AUS,Australia,21249200,Cycling,Women,Silver
AUS,Australia,21249200,Equestrian,Men,Silver
AUS,Australia,21249200,Equestrian,Women,Silver
AUS,Australia,21249200,Equestrian,Women,Silver
AUS,Australia,21249200,Equestrian,Women,Silver
AUS,Australia,21249200,Equestrian,Men,Silver
AUS,Australia,21249200,Hockey,Men,Bronze
AUS,Australia,21249200,Hockey,Men,Bronze
AUS,Australia,21249200,Hockey,Men,Bronze
AUS,Australia,21249200,Hockey,Men,Bronze
AUS,Australia,21249200,Hockey,Men,Bronze
AUS,Australia,21249200,Hockey,Men,Bronze
AUS,Australia,21249200,Hockey,Men,Bronze
AUS,Australia,21249200,Hockey,Men,Bronze
AUS,Australia,21249200,Hockey,Men,Bronze
AUS,Australia,21249200,Hockey,Men,Bronze
AUS,Australia,21249200,Hockey,Men,Bronze
AUS,Australia,21249200,Hockey,Men,Bronze
AUS,Australia,21249200,Hockey,Men,Bronze
AUS,Australia,21249200,Hockey,Men,Bronze
AUS,Australia,21249200,Hockey,Men,Bronze
AUS,Australia,21249200,Hockey,Men,Bronze
AUS,Australia,21249200,Hockey,Men,Bronze
AUS,Australia,21249200,Rowing,Men,Gold
AUS,Australia,21249200,Rowing,Men,Gold
AUS,Australia,21249200,Rowing,Men,Gold
AUS,Australia,21249200,Rowing,Men,Gold
AUS,Australia,21249200,Rowing,Men,Silver
AUS,Australia,21249200,Rowing,Men,Silver
AUS,Australia,21249200,Rowing,Men,Silver
AUS,Australia,21249200,Rowing,Men,Silver
AUS,Australia,21249200,Sailing,Men,Gold
AUS,Australia,21249200,Sailing,Men,Gold
AUS,Australia,21249200,Sailing,Men,Silver
AUS,Australia,21249200,Sailing,Women,Gold
AUS,Australia,21249200,Sailing,Women,Gold
AUS,Australia,21249200,Sailing,Men,Silver
AUS,Australia,21249200,Shooting,Men,Bronze
AUS,Australia,21249200,Softball,Women,Bronze
AUS,Australia,21249200,Softball,Women,Bronze
AUS,Australia,21249200,Softball,Women,Bronze
AUS,Australia,21249200,Softball,Women,Bronze
AUS,Australia,21249200,Softball,Women,Bronze
AUS,Australia,21249200,Softball,Women,Bronze
AUS,Australia,21249200,Softball,Women,Bronze
AUS,Australia,21249200,Softball,Women,Bronze
AUS,Australia,21249200,Softball,Women,Bronze
AUS,Australia,21249200,Softball,Women,Bronze
AUS,Australia,21249200,Softball,Women,Bronze
AUS,Australia,21249200,Softball,Women,Bronze
AUS,Australia,21249200,Softball,Women,Bronze
AUS,Australia,21249200,Softball,Women,Bronze
AUS,Australia,21249200,Softball,Women,Bronze
AUS,Australia,21249200,Triathlon,Women,Bronze
AUS,Australia,21249200,Triathlon,Women,Gold
AUT,Austria,8336926,Aquatics,Women,Bronze
AUT,Austria,8336926,Canoe / Kayak,Women,Bronze
AUT,Austria,8336926,Judo,Men,Silver
AZE,Azerbaijan,8763400,Boxing,Men,Bronze
AZE,Azerbaijan,8763400,Judo,Men,Bronze
AZE,Azerbaijan,8763400,Judo,Men,Gold
AZE,Azerbaijan,8763400,Wrestling,Men,Silver
AZE,Azerbaijan,8763400,Wrestling,Men,Silver
AZE,Azerbaijan,8763400,Wrestling,Women,Bronze
AZE,Azerbaijan,8763400,Wrestling,Men,Bronze
BAH,Bahamas,362794,Athletics,Men,Silver
BAH,Bahamas,362794,Athletics,Men,Silver
BAH,Bahamas,362794,Athletics,Men,Bronze
BAH,Bahamas,362794,Athletics,Men,Silver
BAH,Bahamas,362794,Athletics,Men,Silver
BEL,Belgium,10709973,Athletics,Women,Silver
BEL,Belgium,10709973,Athletics,Women,Silver
BEL,Belgium,10709973,Athletics,Women,Silver
BEL,Belgium,10709973,Athletics,Women,Gold
BEL,Belgium,10709973,Athletics,Women,Silver
BLR,Belarus,9528000,Athletics,Women,Gold
BLR,Belarus,9528000,Athletics,Men,Bronze
BLR,Belarus,9528000,Athletics,Men,Silver
BLR,Belarus,9528000,Athletics,Women,Bronze
BLR,Belarus,9528000,Athletics,Women,Silver
BLR,Belarus,9528000,Athletics,Men,Bronze
BLR,Belarus,9528000,Athletics,Men,Silver
BLR,Belarus,9528000,Canoe / Kayak,Men,Gold
BLR,Belarus,9528000,Canoe / Kayak,Men,Gold
BLR,Belarus,9528000,Canoe / Kayak,Men,Gold
BLR,Belarus,9528000,Canoe / Kayak,Men,Gold
BLR,Belarus,9528000,Canoe / Kayak,Men,Bronze
BLR,Belarus,9528000,Canoe / Kayak,Men,Bronze
BLR,Belarus,9528000,Canoe / Kayak,Men,Gold
BLR,Belarus,9528000,Canoe / Kayak,Men,Gold
BLR,Belarus,9528000,Gymnastics,Women,Bronze
BLR,Belarus,9528000,Gymnastics,Women,Bronze
BLR,Belarus,9528000,Gymnastics,Women,Bronze
BLR,Belarus,9528000,Gymnastics,Women,Bronze
BLR,Belarus,9528000,Gymnastics,Women,Bronze
BLR,Belarus,9528000,Gymnastics,Women,Bronze
BLR,Belarus,9528000,Gymnastics,Women,Silver
BLR,Belarus,9528000,Rowing,Women,Bronze
BLR,Belarus,9528000,Rowing,Women,Bronze
BLR,Belarus,9528000,Rowing,Women,Bronze
BLR,Belarus,9528000,Weightlifting,Men,Silver
BLR,Belarus,9528000,Weightlifting,Women,Bronze
BLR,Belarus,9528000,Weightlifting,Men,Gold
BLR,Belarus,9528000,Wrestling,Men,Bronze
BLR,Belarus,9528000,Wrestling,Men,Bronze
BRA,Brazil,191765567,Aquatics,Men,Bronze
BRA,Brazil,191765567,Aquatics,Men,Gold
BRA,Brazil,191765567,Athletics,Women,Gold
BRA,Brazil,191765567,Football,Women,Silver
BRA,Brazil,191765567,Football,Women,Silver
BRA,Brazil,191765567,Football,Women,Silver
BRA,Brazil,191765567,Football,Women,Silver
BRA,Brazil,191765567,Football,Women,Silver
BRA,Brazil,191765567,Football,Women,Silver
BRA,Brazil,191765567,Football,Women,Silver
BRA,Brazil,191765567,Football,Women,Silver
BRA,Brazil,191765567,Football,Women,Silver
BRA,Brazil,191765567,Football,Women,Silver
BRA,Brazil,191765567,Football,Women,Silver
BRA,Brazil,191765567,Football,Men,Bronze
BRA,Brazil,191765567,Football,Men,Bronze
BRA,Brazil,191765567,Football,Men,Bronze
BRA,Brazil,191765567,Football,Men,Bronze
BRA,Brazil,191765567,Football,Men,Bronze
BRA,Brazil,191765567,Football,Men,Bronze
BRA,Brazil,191765567,Football,Men,Bronze
BRA,Brazil,191765567,Football,Men,Bronze
BRA,Brazil,191765567,Football,Men,Bronze
BRA,Brazil,191765567,Football,Men,Bronze
BRA,Brazil,191765567,Football,Men,Bronze
BRA,Brazil,191765567,Football,Men,Bronze
BRA,Brazil,191765567,Football,Men,Bronze
BRA,Brazil,191765567,Football,Men,Bronze
BRA,Brazil,191765567,Football,Men,Bronze
BRA,Brazil,191765567,Football,Men,Bronze
BRA,Brazil,191765567,Football,Men,Bronze
BRA,Brazil,191765567,Football,Men,Bronze
BRA,Brazil,191765567,Football,Women,Silver
BRA,Brazil,191765567,Football,Women,Silver
BRA,Brazil,191765567,Football,Women,Silver
BRA,Brazil,191765567,Football,Women,Silver
BRA,Brazil,191765567,Football,Women,Silver
BRA,Brazil,191765567,Football,Women,Silver
BRA,Brazil,191765567,Football,Women,Silver
BRA,Brazil,191765567,Judo,Women,Bronze
BRA,Brazil,191765567,Judo,Men,Bronze
BRA,Brazil,191765567,Judo,Men,Bronze
BRA,Brazil,191765567,Sailing,Men,Silver
BRA,Brazil,191765567,Sailing,Men,Silver
BRA,Brazil,191765567,Sailing,Women,Bronze
BRA,Brazil,191765567,Sailing,Women,Bronze
BRA,Brazil,191765567,Taekwondo,Women,Bronze
BRA,Brazil,191765567,Volleyball,Women,Gold
BRA,Brazil,191765567,Volleyball,Men,Silver
BRA,Brazil,191765567,Volleyball,Men,Silver
BRA,Brazil,191765567,Volleyball,Men,Silver
BRA,Brazil,191765567,Volleyball,Men,Bronze
BRA,Brazil,191765567,Volleyball,Men,Bronze
BRA,Brazil,191765567,Volleyball,Men,Silver
BRA,Brazil,191765567,Volleyball,Men,Silver
BRA,Brazil,191765567,Volleyball,Men,Silver
BRA,Brazil,191765567,Volleyball,Men,Silver
BRA,Brazil,191765567,Volleyball,Men,Silver
BRA,Brazil,191765567,Volleyball,Men,Silver
BRA,Brazil,191765567,Volleyball,Women,Gold
BRA,Brazil,191765567,Volleyball,Women,Gold
BRA,Brazil,191765567,Volleyball,Men,Silver
BRA,Brazil,191765567,Volleyball,Men,Silver
BRA,Brazil,191765567,Volleyball,Men,Silver
BRA,Brazil,191765567,Volleyball,Men,Silver
BRA,Brazil,191765567,Volleyball,Men,Silver
BRA,Brazil,191765567,Volleyball,Women,Gold
BRA,Brazil,191765567,Volleyball,Women,Gold
BRA,Brazil,191765567,Volleyball,Women,Gold
BRA,Brazil,191765567,Volleyball,Women,Gold
BRA,Brazil,191765567,Volleyball,Women,Gold
BRA,Brazil,191765567,Volleyball,Women,Gold
BRA,Brazil,191765567,Volleyball,Women,Gold
BRA,Brazil,191765567,Volleyball,Women,Gold
BRA,Brazil,191765567,Volleyball,Women,Gold
BUL,Bulgaria,7674913,Rowing,Women,Gold
BUL,Bulgaria,7674913,Wrestling,Men,Bronze
BUL,Bulgaria,7674913,Wrestling,Women,Silver
BUL,Bulgaria,7674913,Wrestling,Men,Bronze
BUL,Bulgaria,7674913,Wrestling,Men,Bronze
CAN,Canada,33245773,Aquatics,Women,Silver
CAN,Canada,33245773,Aquatics,Men,Silver
CAN,Canada,33245773,Aquatics,Men,Bronze
CAN,Canada,33245773,Athletics,Women,Bronze
CAN,Canada,33245773,Canoe / Kayak,Men,Silver
CAN,Canada,33245773,Canoe / Kayak,Men,Bronze
CAN,Canada,33245773,Equestrian,Men,Silver
CAN,Canada,33245773,Equestrian,Men,Silver
CAN,Canada,33245773,Equestrian,Men,Silver
CAN,Canada,33245773,Equestrian,Women,Silver
CAN,Canada,33245773,Equestrian,Men,Gold
CAN,Canada,33245773,Gymnastics,Men,Silver
CAN,Canada,33245773,Gymnastics,Women,Silver
CAN,Canada,33245773,Rowing,Men,Gold
CAN,Canada,33245773,Rowing,Men,Silver
CAN,Canada,33245773,Rowing,Men,Silver
CAN,Canada,33245773,Rowing,Men,Gold
CAN,Canada,33245773,Rowing,Men,Gold
CAN,Canada,33245773,Rowing,Men,Gold
CAN,Canada,33245773,Rowing,Men,Gold
CAN,Canada,33245773,Rowing,Women,Bronze
CAN,Canada,33245773,Rowing,Women,Bronze
CAN,Canada,33245773,Rowing,Men,Bronze
CAN,Canada,33245773,Rowing,Men,Bronze
CAN,Canada,33245773,Rowing,Men,Bronze
CAN,Canada,33245773,Rowing,Men,Bronze
CAN,Canada,33245773,Rowing,Men,Gold
CAN,Canada,33245773,Rowing,Men,Gold
CAN,Canada,33245773,Rowing,Men,Gold
CAN,Canada,33245773,Rowing,Men,Gold
CAN,Canada,33245773,Taekwondo,Women,Silver
CAN,Canada,33245773,Triathlon,Men,Silver
CAN,Canada,33245773,Wrestling,Women,Bronze
CAN,Canada,33245773,Wrestling,Women,Gold
CHI,Channel Islands,157554,Tennis,Men,Silver
CHN,China,1324655000,Aquatics,Men,Gold
CHN,China,1324655000,Aquatics,Men,Gold
CHN,China,1324655000,Aquatics,Women,Bronze
CHN,China,1324655000,Aquatics,Women,Bronze
CHN,China,1324655000,Aquatics,Women,Bronze
CHN,China,1324655000,Aquatics,Women,Bronze
CHN,China,1324655000,Aquatics,Women,Bronze
CHN,China,1324655000,Aquatics,Women,Bronze
CHN,China,1324655000,Aquatics,Women,Bronze
CHN,China,1324655000,Aquatics,Women,Bronze
CHN,China,1324655000,Aquatics,Women,Gold
CHN,China,1324655000,Aquatics,Women,Gold
CHN,China,1324655000,Aquatics,Women,Silver
CHN,China,1324655000,Aquatics,Women,Gold
CHN,China,1324655000,Aquatics,Women,Bronze
CHN,China,1324655000,Aquatics,Men,Silver
CHN,China,1324655000,Aquatics,Men,Silver
CHN,China,1324655000,Aquatics,Women,Gold
CHN,China,1324655000,Aquatics,Women,Bronze
CHN,China,1324655000,Aquatics,Men,Gold
CHN,China,1324655000,Aquatics,Men,Bronze
CHN,China,1324655000,Aquatics,Women,Gold
CHN,China,1324655000,Aquatics,Women,Bronze
CHN,China,1324655000,Aquatics,Men,Gold
CHN,China,1324655000,Aquatics,Men,Gold
CHN,China,1324655000,Aquatics,Women,Gold
CHN,China,1324655000,Aquatics,Women,Gold
CHN,China,1324655000,Aquatics,Women,Silver
CHN,China,1324655000,Aquatics,Women,Silver
CHN,China,1324655000,Aquatics,Women,Silver
CHN,China,1324655000,Aquatics,Women,Silver
CHN,China,1324655000,Aquatics,Women,Silver
CHN,China,1324655000,Aquatics,Women,Bronze
CHN,China,1324655000,Aquatics,Women,Bronze
CHN,China,1324655000,Aquatics,Women,Bronze
CHN,China,1324655000,Aquatics,Women,Bronze
CHN,China,1324655000,Aquatics,Women,Bronze
CHN,China,1324655000,Aquatics,Women,Bronze
CHN,China,1324655000,Archery,Men,Bronze
CHN,China,1324655000,Archery,Women,Gold
CHN,China,1324655000,Archery,Women,Silver
CHN,China,1324655000,Archery,Men,Bronze
CHN,China,1324655000,Archery,Women,Silver
CHN,China,1324655000,Archery,Women,Silver
CHN,China,1324655000,Archery,Men,Bronze
CHN,China,1324655000,Athletics,Women,Bronze
CHN,China,1324655000,Athletics,Women,Bronze
CHN,China,1324655000,Badminton,Men,Gold
CHN,China,1324655000,Badminton,Women,Silver
CHN,China,1324655000,Badminton,Women,Gold
CHN,China,1324655000,Badminton,Men,Silver
CHN,China,1324655000,Badminton,Men,Silver
CHN,China,1324655000,Badminton,Women,Gold
CHN,China,1324655000,Badminton,Women,Bronze
CHN,China,1324655000,Badminton,Women,Gold
CHN,China,1324655000,Badminton,Women,Bronze
CHN,China,1324655000,Badminton,Men,Bronze
CHN,China,1324655000,Badminton,Women,Bronze
CHN,China,1324655000,Badminton,Men,Bronze
CHN,China,1324655000,Boxing,Men,Gold
CHN,China,1324655000,Boxing,Men,Silver
CHN,China,1324655000,Boxing,Men,Gold
CHN,China,1324655000,Boxing,Men,Bronze
CHN,China,1324655000,Canoe / Kayak,Men,Gold
CHN,China,1324655000,Canoe / Kayak,Men,Gold
CHN,China,1324655000,Cycling,Women,Bronze
CHN,China,1324655000,Fencing,Women,Silver
CHN,China,1324655000,Fencing,Men,Gold
CHN,China,1324655000,Fencing,Women,Silver
CHN,China,1324655000,Fencing,Women,Silver
CHN,China,1324655000,Fencing,Women,Silver
CHN,China,1324655000,Gymnastics,Men,Gold
CHN,China,1324655000,Gymnastics,Women,Bronze
CHN,China,1324655000,Gymnastics,Men,Gold
CHN,China,1324655000,Gymnastics,Men,Gold
CHN,China,1324655000,Gymnastics,Men,Silver
CHN,China,1324655000,Gymnastics,Women,Gold
CHN,China,1324655000,Gymnastics,Men,Gold
CHN,China,1324655000,Gymnastics,Women,Bronze
CHN,China,1324655000,Gymnastics,Men,Gold
CHN,China,1324655000,Gymnastics,Men,Gold
CHN,China,1324655000,Gymnastics,Men,Gold
CHN,China,1324655000,Gymnastics,Men,Gold
CHN,China,1324655000,Gymnastics,Men,Gold
CHN,China,1324655000,Gymnastics,Women,Gold
CHN,China,1324655000,Gymnastics,Women,Gold
CHN,China,1324655000,Gymnastics,Women,Gold
CHN,China,1324655000,Gymnastics,Women,Gold
CHN,China,1324655000,Gymnastics,Women,Gold
CHN,China,1324655000,Gymnastics,Men,Gold
CHN,China,1324655000,Gymnastics,Men,Gold
CHN,China,1324655000,Gymnastics,Women,Gold
CHN,China,1324655000,Gymnastics,Women,Bronze
CHN,China,1324655000,Gymnastics,Women,Bronze
CHN,China,1324655000,Gymnastics,Women,Silver
CHN,China,1324655000,Gymnastics,Women,Silver
CHN,China,1324655000,Gymnastics,Women,Silver
CHN,China,1324655000,Gymnastics,Women,Silver
CHN,China,1324655000,Gymnastics,Women,Silver
CHN,China,1324655000,Gymnastics,Women,Silver
CHN,China,1324655000,Gymnastics,Men,Bronze
CHN,China,1324655000,Gymnastics,Men,Gold
CHN,China,1324655000,Gymnastics,Women,Gold
CHN,China,1324655000,Gymnastics,Men,Gold
CHN,China,1324655000,Hockey,Women,Silver
CHN,China,1324655000,Hockey,Women,Silver
CHN,China,1324655000,Hockey,Women,Silver
CHN,China,1324655000,Hockey,Women,Silver
CHN,China,1324655000,Hockey,Women,Silver
CHN,China,1324655000,Hockey,Women,Silver
CHN,China,1324655000,Hockey,Women,Silver
CHN,China,1324655000,Hockey,Women,Silver
CHN,China,1324655000,Hockey,Women,Silver
CHN,China,1324655000,Hockey,Women,Silver
CHN,China,1324655000,Hockey,Women,Silver
CHN,China,1324655000,Hockey,Women,Silver
CHN,China,1324655000,Hockey,Women,Silver
CHN,China,1324655000,Hockey,Women,Silver
CHN,China,1324655000,Hockey,Women,Silver
CHN,China,1324655000,Hockey,Women,Silver
CHN,China,1324655000,Judo,Women,Gold
CHN,China,1324655000,Judo,Women,Bronze
CHN,China,1324655000,Judo,Women,Gold
CHN,China,1324655000,Judo,Women,Gold
CHN,China,1324655000,Rowing,Women,Silver
CHN,China,1324655000,Rowing,Women,Silver
CHN,China,1324655000,Rowing,Women,Gold
CHN,China,1324655000,Rowing,Women,Gold
CHN,China,1324655000,Rowing,Women,Gold
CHN,China,1324655000,Rowing,Women,Gold
CHN,China,1324655000,Sailing,Women,Gold
CHN,China,1324655000,Sailing,Women,Bronze
CHN,China,1324655000,Shooting,Men,Silver
CHN,China,1324655000,Shooting,Women,Gold
CHN,China,1324655000,Shooting,Men,Gold
CHN,China,1324655000,Shooting,Men,Silver
CHN,China,1324655000,Shooting,Women,Gold
CHN,China,1324655000,Shooting,Men,Gold
CHN,China,1324655000,Shooting,Women,Gold
CHN,China,1324655000,Shooting,Men,Bronze
CHN,China,1324655000,Table Tennis,Women,Silver
CHN,China,1324655000,Table Tennis,Women,Gold
CHN,China,1324655000,Table Tennis,Women,Gold
CHN,China,1324655000,Table Tennis,Women,Gold
CHN,China,1324655000,Table Tennis,Men,Gold
CHN,China,1324655000,Table Tennis,Men,Silver
CHN,China,1324655000,Table Tennis,Men,Bronze
CHN,China,1324655000,Table Tennis,Women,Bronze
CHN,China,1324655000,Table Tennis,Women,Gold
CHN,China,1324655000,Table Tennis,Men,Gold
CHN,China,1324655000,Table Tennis,Men,Gold
CHN,China,1324655000,Table Tennis,Men,Gold
CHN,China,1324655000,Taekwondo,Women,Gold
CHN,China,1324655000,Taekwondo,Men,Bronze
CHN,China,1324655000,Tennis,Women,Bronze
CHN,China,1324655000,Tennis,Women,Bronze
CHN,China,1324655000,Volleyball,Women,Silver
CHN,China,1324655000,Volleyball,Women,Bronze
CHN,China,1324655000,Volleyball,Women,Bronze
CHN,China,1324655000,Volleyball,Women,Bronze
CHN,China,1324655000,Volleyball,Women,Bronze
CHN,China,1324655000,Volleyball,Women,Bronze
CHN,China,1324655000,Volleyball,Women,Bronze
CHN,China,1324655000,Volleyball,Women,Bronze
CHN,China,1324655000,Volleyball,Women,Bronze
CHN,China,1324655000,Volleyball,Women,Bronze
CHN,China,1324655000,Volleyball,Women,Bronze
CHN,China,1324655000,Volleyball,Women,Bronze
CHN,China,1324655000,Volleyball,Women,Bronze
CHN,China,1324655000,Volleyball,Women,Bronze
CHN,China,1324655000,Volleyball,Women,Bronze
CHN,China,1324655000,Volleyball,Women,Silver
CHN,China,1324655000,Weightlifting,Men,Gold
CHN,China,1324655000,Weightlifting,Men,Silver
CHN,China,1324655000,Weightlifting,Men,Gold
CHN,China,1324655000,Weightlifting,Men,Gold
CHN,China,1324655000,Weightlifting,Women,Gold
CHN,China,1324655000,Weightlifting,Women,Gold
CHN,China,1324655000,Weightlifting,Men,Gold
CHN,China,1324655000,Weightlifting,Women,Gold
CHN,China,1324655000,Weightlifting,Women,Gold
CHN,China,1324655000,Wrestling,Women,Gold
CHN,China,1324655000,Wrestling,Men,Silver
CHN,China,1324655000,Wrestling,Women,Silver
CMR,Cameroon,19595026,Athletics,Women,Gold
COL,Colombia,45153037,Weightlifting,Men,Silver
COL,Colombia,45153037,Wrestling,Women,Bronze
CRO,Croatia,4393664,Athletics,Women,Silver
CRO,Croatia,4393664,Gymnastics,Men,Silver
CRO,Croatia,4393664,Shooting,Women,Bronze
CRO,Croatia,4393664,Taekwondo,Women,Bronze
CRO,Croatia,4393664,Taekwondo,Women,Bronze
CUB,Cuba,11296355,Athletics,Men,Gold
CUB,Cuba,11296355,Athletics,Men,Bronze
CUB,Cuba,11296355,Athletics,Women,Silver
CUB,Cuba,11296355,Athletics,Women,Silver
CUB,Cuba,11296355,Athletics,Men,Bronze
CUB,Cuba,11296355,Baseball,Men,Silver
CUB,Cuba,11296355,Baseball,Men,Silver
CUB,Cuba,11296355,Baseball,Men,Silver
CUB,Cuba,11296355,Baseball,Men,Silver
CUB,Cuba,11296355,Baseball,Men,Silver
CUB,Cuba,11296355,Baseball,Men,Silver
CUB,Cuba,11296355,Baseball,Men,Silver
CUB,Cuba,11296355,Baseball,Men,Silver
CUB,Cuba,11296355,Baseball,Men,Silver
CUB,Cuba,11296355,Baseball,Men,Silver
CUB,Cuba,11296355,Baseball,Men,Silver
CUB,Cuba,11296355,Baseball,Men,Silver
CUB,Cuba,11296355,Baseball,Men,Silver
CUB,Cuba,11296355,Baseball,Men,Silver
CUB,Cuba,11296355,Baseball,Men,Silver
CUB,Cuba,11296355,Baseball,Men,Silver
CUB,Cuba,11296355,Baseball,Men,Silver
CUB,Cuba,11296355,Baseball,Men,Silver
CUB,Cuba,11296355,Baseball,Men,Silver
CUB,Cuba,11296355,Baseball,Men,Silver
CUB,Cuba,11296355,Baseball,Men,Silver
CUB,Cuba,11296355,Baseball,Men,Silver
CUB,Cuba,11296355,Baseball,Men,Silver
CUB,Cuba,11296355,Baseball,Men,Silver
CUB,Cuba,11296355,Boxing,Men,Silver
CUB,Cuba,11296355,Boxing,Men,Bronze
CUB,Cuba,11296355,Boxing,Men,Silver
CUB,Cuba,11296355,Boxing,Men,Bronze
CUB,Cuba,11296355,Boxing,Men,Silver
CUB,Cuba,11296355,Boxing,Men,Silver
CUB,Cuba,11296355,Boxing,Men,Bronze
CUB,Cuba,11296355,Boxing,Men,Bronze
CUB,Cuba,11296355,Cycling,Women,Silver
CUB,Cuba,11296355,Judo,Women,Silver
CUB,Cuba,11296355,Judo,Men,Bronze
CUB,Cuba,11296355,Judo,Women,Silver
CUB,Cuba,11296355,Judo,Men,Bronze
CUB,Cuba,11296355,Judo,Women,Bronze
CUB,Cuba,11296355,Judo,Women,Silver
CUB,Cuba,11296355,Shooting,Women,Bronze
CUB,Cuba,11296355,Taekwondo,Women,Bronze
CUB,Cuba,11296355,Wrestling,Men,Gold
CZE,Czech Republic,10384603,Athletics,Women,Gold
CZE,Czech Republic,10384603,Canoe / Kayak,Men,Silver
CZE,Czech Republic,10384603,Canoe / Kayak,Men,Silver
CZE,Czech Republic,10384603,Rowing,Men,Silver
CZE,Czech Republic,10384603,Shooting,Women,Silver
CZE,Czech Republic,10384603,Shooting,Women,Gold
CZE,Czech Republic,10384603,Shooting,Men,Gold
DEN,Denmark,5502751,Aquatics,Women,Bronze
DEN,Denmark,5502751,Canoe / Kayak,Men,Silver
DEN,Denmark,5502751,Canoe / Kayak,Men,Silver
DEN,Denmark,5502751,Cycling,Men,Silver
DEN,Denmark,5502751,Cycling,Men,Silver
DEN,Denmark,5502751,Cycling,Men,Silver
DEN,Denmark,5502751,Cycling,Men,Silver
DEN,Denmark,5502751,Equestrian,Women,Bronze
DEN,Denmark,5502751,Equestrian,Women,Bronze
DEN,Denmark,5502751,Equestrian,Men,Bronze
DEN,Denmark,5502751,Rowing,Men,Gold
DEN,Denmark,5502751,Rowing,Men,Bronze
DEN,Denmark,5502751,Rowing,Men,Bronze
DEN,Denmark,5502751,Rowing,Men,Gold
DEN,Denmark,5502751,Rowing,Men,Gold
DEN,Denmark,5502751,Rowing,Men,Gold
DEN,Denmark,5502751,Sailing,Men,Gold
DEN,Denmark,5502751,Sailing,Men,Gold
DOM,Dominican Republic,9750195,Boxing,Men,Gold
DOM,Dominican Republic,9750195,Taekwondo,Men,Silver
ECU,Ecuador,14512402,Athletics,Men,Silver
EGY,"Egypt, Arab Rep.",75491922,Judo,Men,Bronze
ESP,Spain,45954106,Aquatics,Women,Silver
ESP,Spain,45954106,Aquatics,Women,Silver
ESP,Spain,45954106,Aquatics,Women,Silver
ESP,Spain,45954106,Aquatics,Women,Silver
ESP,Spain,45954106,Aquatics,Women,Silver
ESP,Spain,45954106,Aquatics,Women,Silver
ESP,Spain,45954106,Aquatics,Women,Silver
ESP,Spain,45954106,Aquatics,Women,Silver
ESP,Spain,45954106,Aquatics,Women,Silver
ESP,Spain,45954106,Aquatics,Women,Silver
ESP,Spain,45954106,Aquatics,Women,Silver
ESP,Spain,45954106,Basketball,Men,Silver
ESP,Spain,45954106,Basketball,Men,Silver
ESP,Spain,45954106,Basketball,Men,Silver
ESP,Spain,45954106,Basketball,Men,Silver
ESP,Spain,45954106,Basketball,Men,Silver
ESP,Spain,45954106,Basketball,Men,Silver
ESP,Spain,45954106,Basketball,Men,Silver
ESP,Spain,45954106,Basketball,Men,Silver
ESP,Spain,45954106,Basketball,Men,Silver
ESP,Spain,45954106,Basketball,Men,Silver
ESP,Spain,45954106,Basketball,Men,Silver
ESP,Spain,45954106,Basketball,Men,Silver
ESP,Spain,45954106,Canoe / Kayak,Men,Silver
ESP,Spain,45954106,Canoe / Kayak,Men,Silver
ESP,Spain,45954106,Canoe / Kayak,Men,Gold
ESP,Spain,45954106,Canoe / Kayak,Men,Gold
ESP,Spain,45954106,Cycling,Men,Gold
ESP,Spain,45954106,Cycling,Men,Silver
ESP,Spain,45954106,Cycling,Women,Bronze
ESP,Spain,45954106,Cycling,Men,Silver
ESP,Spain,45954106,Cycling,Men,Gold
ESP,Spain,45954106,Fencing,Men,Bronze
ESP,Spain,45954106,Gymnastics,Men,Silver
ESP,Spain,45954106,Handball,Men,Bronze
ESP,Spain,45954106,Handball,Men,Bronze
ESP,Spain,45954106,Handball,Men,Bronze
ESP,Spain,45954106,Handball,Men,Bronze
ESP,Spain,45954106,Handball,Men,Bronze
ESP,Spain,45954106,Handball,Men,Bronze
ESP,Spain,45954106,Handball,Men,Bronze
ESP,Spain,45954106,Handball,Men,Bronze
ESP,Spain,45954106,Handball,Men,Bronze
ESP,Spain,45954106,Handball,Men,Bronze
ESP,Spain,45954106,Handball,Men,Bronze
ESP,Spain,45954106,Handball,Men,Bronze
ESP,Spain,45954106,Handball,Men,Bronze
ESP,Spain,45954106,Handball,Men,Bronze
ESP,Spain,45954106,Hockey,Men,Silver
ESP,Spain,45954106,Hockey,Men,Silver
ESP,Spain,45954106,Hockey,Men,Silver
ESP,Spain,45954106,Hockey,Men,Silver
ESP,Spain,45954106,Hockey,Men,Silver
ESP,Spain,45954106,Hockey,Men,Silver
ESP,Spain,45954106,Hockey,Men,Silver
ESP,Spain,45954106,Hockey,Men,Silver
ESP,Spain,45954106,Hockey,Men,Silver
ESP,Spain,45954106,Hockey,Men,Silver
ESP,Spain,45954106,Hockey,Men,Silver
ESP,Spain,45954106,Hockey,Men,Silver
ESP,Spain,45954106,Hockey,Men,Silver
ESP,Spain,45954106,Hockey,Men,Silver
ESP,Spain,45954106,Hockey,Men,Silver
ESP,Spain,45954106,Hockey,Men,Silver
ESP,Spain,45954106,Sailing,Men,Gold
ESP,Spain,45954106,Sailing,Men,Gold
ESP,Spain,45954106,Sailing,Men,Silver
ESP,Spain,45954106,Sailing,Men,Silver
ESP,Spain,45954106,Tennis,Men,Gold
ESP,Spain,45954106,Tennis,Women,Silver
ESP,Spain,45954106,Tennis,Women,Silver
EST,Estonia,1340264,Athletics,Men,Gold
EST,Estonia,1340264,Rowing,Men,Silver
EST,Estonia,1340264,Rowing,Men,Silver
ETH,Ethiopia,82621190,Athletics,Women,Gold
ETH,Ethiopia,82621190,Athletics,Men,Silver
ETH,Ethiopia,82621190,Athletics,Men,Gold
ETH,Ethiopia,82621190,Athletics,Women,Gold
ETH,Ethiopia,82621190,Athletics,Women,Bronze
ETH,Ethiopia,82621190,Athletics,Men,Gold
ETH,Ethiopia,82621190,Athletics,Men,Bronze
FIN,Finland,5313399,Athletics,Men,Bronze
FIN,Finland,5313399,Rowing,Women,Silver
FIN,Finland,5313399,Rowing,Women,Silver
FIN,Finland,5313399,Shooting,Men,Bronze
FIN,Finland,5313399,Shooting,Women,Gold
FRA,France,64371099,Aquatics,Men,Silver
FRA,France,64371099,Aquatics,Men,Bronze
FRA,France,64371099,Aquatics,Men,Silver
FRA,France,64371099,Aquatics,Men,Silver
FRA,France,64371099,Aquatics,Men,Silver
FRA,France,64371099,Aquatics,Men,Bronze
FRA,France,64371099,Aquatics,Men,Silver
FRA,France,64371099,Aquatics,Men,Silver
FRA,France,64371099,Aquatics,Men,Bronze
FRA,France,64371099,Aquatics,Men,Gold
FRA,France,64371099,Aquatics,Men,Silver
FRA,France,64371099,Archery,Women,Bronze
FRA,France,64371099,Archery,Women,Bronze
FRA,France,64371099,Archery,Women,Bronze
FRA,France,64371099,Athletics,Men,Bronze
FRA,France,64371099,Athletics,Men,Silver
FRA,France,64371099,Boxing,Men,Silver
FRA,France,64371099,Boxing,Men,Bronze
FRA,France,64371099,Boxing,Men,Silver
FRA,France,64371099,Canoe / Kayak,Men,Silver
FRA,France,64371099,Canoe / Kayak,Women,Bronze
FRA,France,64371099,Canoe / Kayak,Women,Bronze
FRA,France,64371099,Cycling,Men,Silver
FRA,France,64371099,Cycling,Men,Silver
FRA,France,64371099,Cycling,Men,Silver
FRA,France,64371099,Cycling,Men,Gold
FRA,France,64371099,Cycling,Men,Silver
FRA,France,64371099,Cycling,Women,Gold
FRA,France,64371099,Cycling,Women,Silver
FRA,France,64371099,Cycling,Men,Bronze
FRA,France,64371099,Fencing,Men,Gold
FRA,France,64371099,Fencing,Men,Gold
FRA,France,64371099,Fencing,Men,Silver
FRA,France,64371099,Fencing,Men,Gold
FRA,France,64371099,Fencing,Men,Gold
FRA,France,64371099,Fencing,Men,Silver
FRA,France,64371099,Fencing,Men,Gold
FRA,France,64371099,Fencing,Men,Gold
FRA,France,64371099,Gymnastics,Men,Bronze
FRA,France,64371099,Gymnastics,Men,Silver
FRA,France,64371099,Handball,Men,Gold
FRA,France,64371099,Handball,Men,Gold
FRA,France,64371099,Handball,Men,Gold
FRA,France,64371099,Handball,Men,Gold
FRA,France,64371099,Handball,Men,Gold
FRA,France,64371099,Handball,Men,Gold
FRA,France,64371099,Handball,Men,Gold
FRA,France,64371099,Handball,Men,Gold
FRA,France,64371099,Handball,Men,Gold
FRA,France,64371099,Handball,Men,Gold
FRA,France,64371099,Handball,Men,Gold
FRA,France,64371099,Handball,Men,Gold
FRA,France,64371099,Handball,Men,Gold
FRA,France,64371099,Handball,Men,Gold
FRA,France,64371099,Handball,Men,Gold
FRA,France,64371099,Judo,Women,Silver
FRA,France,64371099,Judo,Men,Bronze
FRA,France,64371099,Judo,Women,Bronze
FRA,France,64371099,Judo,Men,Silver
FRA,France,64371099,Rowing,Men,Bronze
FRA,France,64371099,Rowing,Men,Bronze
FRA,France,64371099,Rowing,Men,Bronze
FRA,France,64371099,Rowing,Men,Bronze
FRA,France,64371099,Rowing,Men,Bronze
FRA,France,64371099,Rowing,Men,Bronze
FRA,France,64371099,Rowing,Men,Bronze
FRA,France,64371099,Rowing,Men,Bronze
FRA,France,64371099,Sailing,Men,Bronze
FRA,France,64371099,Sailing,Men,Bronze
FRA,France,64371099,Sailing,Men,Bronze
FRA,France,64371099,Sailing,Men,Silver
FRA,France,64371099,Shooting,Men,Bronze
FRA,France,64371099,Taekwondo,Women,Bronze
FRA,France,64371099,Weightlifting,Men,Silver
FRA,France,64371099,Wrestling,Men,Bronze
FRA,France,64371099,Wrestling,Men,Gold
GBR,United Kingdom,61773855,Aquatics,Women,Gold
GBR,United Kingdom,61773855,Aquatics,Women,Bronze
GBR,United Kingdom,61773855,Aquatics,Women,Gold
GBR,United Kingdom,61773855,Aquatics,Men,Silver
GBR,United Kingdom,61773855,Aquatics,Women,Bronze
GBR,United Kingdom,61773855,Aquatics,Women,Silver
GBR,United Kingdom,61773855,Athletics,Women,Bronze
GBR,United Kingdom,61773855,Athletics,Women,Gold
GBR,United Kingdom,61773855,Athletics,Men,Silver
GBR,United Kingdom,61773855,Athletics,Men,Silver
GBR,United Kingdom,61773855,Boxing,Men,Gold
GBR,United Kingdom,61773855,Boxing,Men,Bronze
GBR,United Kingdom,61773855,Boxing,Men,Bronze
GBR,United Kingdom,61773855,Canoe / Kayak,Men,Silver
GBR,United Kingdom,61773855,Canoe / Kayak,Men,Gold
GBR,United Kingdom,61773855,Canoe / Kayak,Men,Bronze
GBR,United Kingdom,61773855,Cycling,Men,Gold
GBR,United Kingdom,61773855,Cycling,Men,Gold
GBR,United Kingdom,61773855,Cycling,Men,Gold
GBR,United Kingdom,61773855,Cycling,Men,Gold
GBR,United Kingdom,61773855,Cycling,Men,Gold
GBR,United Kingdom,61773855,Cycling,Women,Silver
GBR,United Kingdom,61773855,Cycling,Women,Gold
GBR,United Kingdom,61773855,Cycling,Women,Gold
GBR,United Kingdom,61773855,Cycling,Women,Gold
GBR,United Kingdom,61773855,Cycling,Women,Silver
GBR,United Kingdom,61773855,Cycling,Men,Bronze
GBR,United Kingdom,61773855,Cycling,Men,Gold
GBR,United Kingdom,61773855,Cycling,Men,Silver
GBR,United Kingdom,61773855,Cycling,Men,Gold
GBR,United Kingdom,61773855,Cycling,Men,Bronze
GBR,United Kingdom,61773855,Cycling,Men,Gold
GBR,United Kingdom,61773855,Cycling,Men,Silver
GBR,United Kingdom,61773855,Cycling,Men,Gold
GBR,United Kingdom,61773855,Cycling,Men,Gold
GBR,United Kingdom,61773855,Equestrian,Women,Bronze
GBR,United Kingdom,61773855,Equestrian,Women,Bronze
GBR,United Kingdom,61773855,Equestrian,Women,Bronze
GBR,United Kingdom,61773855,Equestrian,Women,Bronze
GBR,United Kingdom,61773855,Equestrian,Women,Bronze
GBR,United Kingdom,61773855,Equestrian,Men,Bronze
GBR,United Kingdom,61773855,Gymnastics,Men,Bronze
GBR,United Kingdom,61773855,Modern Pentathlon,Women,Silver
GBR,United Kingdom,61773855,Rowing,Women,Silver
GBR,United Kingdom,61773855,Rowing,Men,Silver
GBR,United Kingdom,61773855,Rowing,Men,Silver
GBR,United Kingdom,61773855,Rowing,Men,Gold
GBR,United Kingdom,61773855,Rowing,Women,Bronze
GBR,United Kingdom,61773855,Rowing,Men,Gold
GBR,United Kingdom,61773855,Rowing,Men,Gold
GBR,United Kingdom,61773855,Rowing,Women,Silver
GBR,United Kingdom,61773855,Rowing,Women,Silver
GBR,United Kingdom,61773855,Rowing,Women,Silver
GBR,United Kingdom,61773855,Rowing,Men,Gold
GBR,United Kingdom,61773855,Rowing,Men,Gold
GBR,United Kingdom,61773855,Rowing,Men,Silver
GBR,United Kingdom,61773855,Rowing,Men,Silver
GBR,United Kingdom,61773855,Rowing,Women,Bronze
GBR,United Kingdom,61773855,Rowing,Men,Gold
GBR,United Kingdom,61773855,Rowing,Men,Bronze
GBR,United Kingdom,61773855,Rowing,Men,Bronze
GBR,United Kingdom,61773855,Rowing,Men,Silver
GBR,United Kingdom,61773855,Rowing,Men,Silver
GBR,United Kingdom,61773855,Rowing,Men,Silver
GBR,United Kingdom,61773855,Rowing,Men,Silver
GBR,United Kingdom,61773855,Rowing,Men,Silver
GBR,United Kingdom,61773855,Sailing,Women,Gold
GBR,United Kingdom,61773855,Sailing,Men,Silver
GBR,United Kingdom,61773855,Sailing,Men,Silver
GBR,United Kingdom,61773855,Sailing,Women,Gold
GBR,United Kingdom,61773855,Sailing,Women,Gold
GBR,United Kingdom,61773855,Sailing,Men,Gold
GBR,United Kingdom,61773855,Sailing,Men,Gold
GBR,United Kingdom,61773855,Sailing,Women,Bronze
GBR,United Kingdom,61773855,Sailing,Men,Gold
GBR,United Kingdom,61773855,Sailing,Men,Gold
GBR,United Kingdom,61773855,Taekwondo,Women,Bronze
GEO,Georgia,4383800,Judo,Men,Gold
GEO,Georgia,4383800,Shooting,Women,Bronze
GEO,Georgia,4383800,Wrestling,Men,Bronze
GEO,Georgia,4383800,Wrestling,Men,Gold
GEO,Georgia,4383800,Wrestling,Men,Gold
GEO,Georgia,4383800,Wrestling,Men,Bronze
GER,Germany,81217481,Aquatics,Men,Silver
GER,Germany,81217481,Aquatics,Women,Gold
GER,Germany,81217481,Aquatics,Women,Bronze
GER,Germany,81217481,Aquatics,Women,Bronze
GER,Germany,81217481,Aquatics,Men,Silver
GER,Germany,81217481,Aquatics,Men,Bronze
GER,Germany,81217481,Aquatics,Women,Gold
GER,Germany,81217481,Athletics,Women,Bronze
GER,Germany,81217481,Canoe / Kayak,Men,Gold
GER,Germany,81217481,Canoe / Kayak,Men,Bronze
GER,Germany,81217481,Canoe / Kayak,Men,Bronze
GER,Germany,81217481,Canoe / Kayak,Men,Bronze
GER,Germany,81217481,Canoe / Kayak,Men,Silver
GER,Germany,81217481,Canoe / Kayak,Men,Silver
GER,Germany,81217481,Canoe / Kayak,Men,Bronze
GER,Germany,81217481,Canoe / Kayak,Men,Bronze
GER,Germany,81217481,Canoe / Kayak,Men,Bronze
GER,Germany,81217481,Canoe / Kayak,Women,Gold
GER,Germany,81217481,Canoe / Kayak,Women,Gold
GER,Germany,81217481,Canoe / Kayak,Women,Gold
GER,Germany,81217481,Canoe / Kayak,Women,Gold
GER,Germany,81217481,Canoe / Kayak,Women,Bronze
GER,Germany,81217481,Canoe / Kayak,Men,Gold
GER,Germany,81217481,Canoe / Kayak,Men,Gold
GER,Germany,81217481,Canoe / Kayak,Men,Silver
GER,Germany,81217481,Canoe / Kayak,Men,Silver
GER,Germany,81217481,Cycling,Men,Bronze
GER,Germany,81217481,Cycling,Women,Gold
GER,Germany,81217481,Cycling,Men,Bronze
GER,Germany,81217481,Cycling,Men,Bronze
GER,Germany,81217481,Cycling,Men,Silver
GER,Germany,81217481,Equestrian,Men,Gold
GER,Germany,81217481,Equestrian,Men,Gold
GER,Germany,81217481,Equestrian,Men,Gold
GER,Germany,81217481,Equestrian,Women,Silver
GER,Germany,81217481,Equestrian,Women,Gold
GER,Germany,81217481,Equestrian,Women,Gold
GER,Germany,81217481,Equestrian,Women,Gold
GER,Germany,81217481,Equestrian,Men,Gold
GER,Germany,81217481,Equestrian,Women,Bronze
GER,Germany,81217481,Equestrian,Men,Gold
GER,Germany,81217481,Equestrian,Women,Gold
GER,Germany,81217481,Fencing,Men,Gold
GER,Germany,81217481,Fencing,Women,Gold
GER,Germany,81217481,Football,Women,Bronze
GER,Germany,81217481,Football,Women,Bronze
GER,Germany,81217481,Football,Women,Bronze
GER,Germany,81217481,Football,Women,Bronze
GER,Germany,81217481,Football,Women,Bronze
GER,Germany,81217481,Football,Women,Bronze
GER,Germany,81217481,Football,Women,Bronze
GER,Germany,81217481,Football,Women,Bronze
GER,Germany,81217481,Football,Women,Bronze
GER,Germany,81217481,Football,Women,Bronze
GER,Germany,81217481,Football,Women,Bronze
GER,Germany,81217481,Football,Women,Bronze
GER,Germany,81217481,Football,Women,Bronze
GER,Germany,81217481,Football,Women,Bronze
GER,Germany,81217481,Football,Women,Bronze
GER,Germany,81217481,Football,Women,Bronze
GER,Germany,81217481,Football,Women,Bronze
GER,Germany,81217481,Football,Women,Bronze
GER,Germany,81217481,Gymnastics,Men,Bronze
GER,Germany,81217481,Gymnastics,Women,Silver
GER,Germany,81217481,Hockey,Men,Gold
GER,Germany,81217481,Hockey,Men,Gold
GER,Germany,81217481,Hockey,Men,Gold
GER,Germany,81217481,Hockey,Men,Gold
GER,Germany,81217481,Hockey,Men,Gold
GER,Germany,81217481,Hockey,Men,Gold
GER,Germany,81217481,Hockey,Men,Gold
GER,Germany,81217481,Hockey,Men,Gold
GER,Germany,81217481,Hockey,Men,Gold
GER,Germany,81217481,Hockey,Men,Gold
GER,Germany,81217481,Hockey,Men,Gold
GER,Germany,81217481,Hockey,Men,Gold
GER,Germany,81217481,Hockey,Men,Gold
GER,Germany,81217481,Hockey,Men,Gold
GER,Germany,81217481,Hockey,Men,Gold
GER,Germany,81217481,Hockey,Men,Gold
GER,Germany,81217481,Hockey,Men,Gold
GER,Germany,81217481,Judo,Men,Gold
GER,Germany,81217481,Modern Pentathlon,Women,Gold
GER,Germany,81217481,Rowing,Women,Bronze
GER,Germany,81217481,Rowing,Women,Bronze
GER,Germany,81217481,Rowing,Women,Bronze
GER,Germany,81217481,Rowing,Women,Bronze
GER,Germany,81217481,Rowing,Women,Silver
GER,Germany,81217481,Rowing,Women,Silver
GER,Germany,81217481,Sailing,Men,Bronze
GER,Germany,81217481,Sailing,Men,Bronze
GER,Germany,81217481,Shooting,Men,Silver
GER,Germany,81217481,Shooting,Women,Bronze
GER,Germany,81217481,Shooting,Men,Bronze
GER,Germany,81217481,Shooting,Women,Bronze
GER,Germany,81217481,Table Tennis,Men,Silver
GER,Germany,81217481,Table Tennis,Men,Silver
GER,Germany,81217481,Table Tennis,Men,Silver
GER,Germany,81217481,Triathlon,Men,Gold
GER,Germany,81217481,Weightlifting,Men,Gold
GER,Germany,81217481,Wrestling,Men,Silver
GRE,Greece,11073623,Athletics,Women,Bronze
GRE,Greece,11073623,Rowing,Men,Silver
GRE,Greece,11073623,Rowing,Men,Silver
GRE,Greece,11073623,Sailing,Women,Bronze
GRE,Greece,11073623,Sailing,Women,Bronze
GRE,Greece,11073623,Sailing,Women,Bronze
GRE,Greece,11073623,Taekwondo,Men,Silver
HUN,Hungary,10038188,Aquatics,Men,Silver
HUN,Hungary,10038188,Aquatics,Men,Silver
HUN,Hungary,10038188,Aquatics,Men,Gold
HUN,Hungary,10038188,Aquatics,Men,Gold
HUN,Hungary,10038188,Aquatics,Men,Gold
HUN,Hungary,10038188,Aquatics,Men,Gold
HUN,Hungary,10038188,Aquatics,Men,Gold
HUN,Hungary,10038188,Aquatics,Men,Gold
HUN,Hungary,10038188,Aquatics,Men,Gold
HUN,Hungary,10038188,Aquatics,Men,Gold
HUN,Hungary,10038188,Aquatics,Men,Gold
HUN,Hungary,10038188,Aquatics,Men,Gold
HUN,Hungary,10038188,Aquatics,Men,Silver
HUN,Hungary,10038188,Aquatics,Men,Gold
HUN,Hungary,10038188,Aquatics,Men,Gold
HUN,Hungary,10038188,Aquatics,Men,Gold
HUN,Hungary,10038188,Canoe / Kayak,Women,Gold
HUN,Hungary,10038188,Canoe / Kayak,Men,Gold
HUN,Hungary,10038188,Canoe / Kayak,Women,Silver
HUN,Hungary,10038188,Canoe / Kayak,Women,Silver
HUN,Hungary,10038188,Canoe / Kayak,Women,Silver
HUN,Hungary,10038188,Canoe / Kayak,Women,Silver
HUN,Hungary,10038188,Canoe / Kayak,Women,Gold
HUN,Hungary,10038188,Canoe / Kayak,Men,Bronze
HUN,Hungary,10038188,Canoe / Kayak,Men,Bronze
HUN,Hungary,10038188,Fencing,Women,Bronze
HUN,Hungary,10038188,Wrestling,Men,Silver
INA,Indonesia,237936543,Badminton,Men,Gold
INA,Indonesia,237936543,Badminton,Women,Bronze
INA,Indonesia,237936543,Badminton,Men,Silver
INA,Indonesia,237936543,Badminton,Women,Silver
INA,Indonesia,237936543,Badminton,Men,Gold
INA,Indonesia,237936543,Weightlifting,Men,Bronze
INA,Indonesia,237936543,Weightlifting,Men,Bronze
IND,India,1174662334,Boxing,Men,Bronze
IND,India,1174662334,Shooting,Men,Gold
IND,India,1174662334,Wrestling,Men,Bronze
IRI,Iran,73318393,Taekwondo,Men,Gold
IRI,Iran,73318393,Wrestling,Men,Bronze
IRL,Ireland,4489544,Boxing,Men,Silver
IRL,Ireland,4489544,Boxing,Men,Bronze
IRL,Ireland,4489544,Boxing,Men,Bronze
ISL,Iceland,317414,Handball,Men,Silver
ISL,Iceland,317414,Handball,Men,Silver
ISL,Iceland,317414,Handball,Men,Silver
ISL,Iceland,317414,Handball,Men,Silver
ISL,Iceland,317414,Handball,Men,Silver
ISL,Iceland,317414,Handball,Men,Silver
ISL,Iceland,317414,Handball,Men,Silver
ISL,Iceland,317414,Handball,Men,Silver
ISL,Iceland,317414,Handball,Men,Silver
ISL,Iceland,317414,Handball,Men,Silver
ISL,Iceland,317414,Handball,Men,Silver
ISL,Iceland,317414,Handball,Men,Silver
ISL,Iceland,317414,Handball,Men,Silver
ISL,Iceland,317414,Handball,Men,Silver
ISR,Israel,7308800,Sailing,Men,Bronze
ITA,Italy,59832179,Aquatics,Women,Gold
ITA,Italy,59832179,Aquatics,Women,Silver
ITA,Italy,59832179,Archery,Men,Silver
ITA,Italy,59832179,Archery,Men,Silver
ITA,Italy,59832179,Archery,Men,Silver
ITA,Italy,59832179,Athletics,Men,Gold
ITA,Italy,59832179,Athletics,Women,Bronze
ITA,Italy,59832179,Boxing,Men,Silver
ITA,Italy,59832179,Boxing,Men,Gold
ITA,Italy,59832179,Boxing,Men,Bronze
ITA,Italy,59832179,Canoe / Kayak,Women,Silver
ITA,Italy,59832179,Canoe / Kayak,Men,Bronze
ITA,Italy,59832179,Canoe / Kayak,Men,Bronze
ITA,Italy,59832179,Cycling,Women,Bronze
ITA,Italy,59832179,Fencing,Men,Bronze
ITA,Italy,59832179,Fencing,Women,Gold
ITA,Italy,59832179,Fencing,Women,Bronze
ITA,Italy,59832179,Fencing,Men,Bronze
ITA,Italy,59832179,Fencing,Men,Bronze
ITA,Italy,59832179,Fencing,Men,Gold
ITA,Italy,59832179,Fencing,Men,Bronze
ITA,Italy,59832179,Fencing,Men,Bronze
ITA,Italy,59832179,Fencing,Men,Bronze
ITA,Italy,59832179,Fencing,Men,Bronze
ITA,Italy,59832179,Fencing,Women,Bronze
ITA,Italy,59832179,Fencing,Men,Bronze
ITA,Italy,59832179,Fencing,Men,Bronze
ITA,Italy,59832179,Fencing,Women,Bronze
ITA,Italy,59832179,Fencing,Women,Bronze
ITA,Italy,59832179,Fencing,Women,Bronze
ITA,Italy,59832179,Judo,Women,Gold
ITA,Italy,59832179,Rowing,Men,Silver
ITA,Italy,59832179,Rowing,Men,Silver
ITA,Italy,59832179,Rowing,Men,Silver
ITA,Italy,59832179,Rowing,Men,Silver
ITA,Italy,59832179,Sailing,Men,Bronze
ITA,Italy,59832179,Sailing,Women,Silver
ITA,Italy,59832179,Shooting,Men,Silver
ITA,Italy,59832179,Shooting,Men,Silver
ITA,Italy,59832179,Shooting,Women,Gold
ITA,Italy,59832179,Taekwondo,Men,Silver
ITA,Italy,59832179,Wrestling,Men,Gold
JAM,Jamaica,2671934,Athletics,Women,Gold
JAM,Jamaica,2671934,Athletics,Men,Gold
JAM,Jamaica,2671934,Athletics,Women,Silver
JAM,Jamaica,2671934,Athletics,Women,Silver
JAM,Jamaica,2671934,Athletics,Women,Gold
JAM,Jamaica,2671934,Athletics,Men,Gold
JAM,Jamaica,2671934,Athletics,Men,Gold
JAM,Jamaica,2671934,Athletics,Men,Gold
JAM,Jamaica,2671934,Athletics,Men,Gold
JAM,Jamaica,2671934,Athletics,Women,Silver
JAM,Jamaica,2671934,Athletics,Women,Bronze
JAM,Jamaica,2671934,Athletics,Women,Bronze
JAM,Jamaica,2671934,Athletics,Women,Bronze
JAM,Jamaica,2671934,Athletics,Women,Bronze
JAM,Jamaica,2671934,Athletics,Women,Gold
JAM,Jamaica,2671934,Athletics,Women,Bronze
JAM,Jamaica,2671934,Athletics,Men,Gold
JPN,Japan,127704040,Aquatics,Men,Bronze
JPN,Japan,127704040,Aquatics,Men,Bronze
JPN,Japan,127704040,Aquatics,Men,Bronze
JPN,Japan,127704040,Aquatics,Men,Bronze
JPN,Japan,127704040,Aquatics,Women,Bronze
JPN,Japan,127704040,Aquatics,Women,Bronze
JPN,Japan,127704040,Aquatics,Men,Bronze
JPN,Japan,127704040,Aquatics,Men,Gold
JPN,Japan,127704040,Aquatics,Men,Gold
JPN,Japan,127704040,Aquatics,Women,Bronze
JPN,Japan,127704040,Athletics,Men,Bronze
JPN,Japan,127704040,Athletics,Men,Bronze
JPN,Japan,127704040,Athletics,Men,Bronze
JPN,Japan,127704040,Athletics,Men,Bronze
JPN,Japan,127704040,Cycling,Men,Bronze
JPN,Japan,127704040,Fencing,Men,Silver
JPN,Japan,127704040,Gymnastics,Men,Silver
JPN,Japan,127704040,Gymnastics,Men,Silver
JPN,Japan,127704040,Gymnastics,Men,Silver
JPN,Japan,127704040,Gymnastics,Men,Silver
JPN,Japan,127704040,Gymnastics,Men,Silver
JPN,Japan,127704040,Gymnastics,Men,Silver
JPN,Japan,127704040,Gymnastics,Men,Silver
JPN,Japan,127704040,Judo,Women,Silver
JPN,Japan,127704040,Judo,Men,Gold
JPN,Japan,127704040,Judo,Women,Gold
JPN,Japan,127704040,Judo,Men,Gold
JPN,Japan,127704040,Judo,Women,Bronze
JPN,Japan,127704040,Judo,Women,Gold
JPN,Japan,127704040,Judo,Women,Bronze
JPN,Japan,127704040,Softball,Women,Gold
JPN,Japan,127704040,Softball,Women,Gold
JPN,Japan,127704040,Softball,Women,Gold
JPN,Japan,127704040,Softball,Women,Gold
JPN,Japan,127704040,Softball,Women,Gold
JPN,Japan,127704040,Softball,Women,Gold
JPN,Japan,127704040,Softball,Women,Gold
JPN,Japan,127704040,Softball,Women,Gold
JPN,Japan,127704040,Softball,Women,Gold
JPN,Japan,127704040,Softball,Women,Gold
JPN,Japan,127704040,Softball,Women,Gold
JPN,Japan,127704040,Softball,Women,Gold
JPN,Japan,127704040,Softball,Women,Gold
JPN,Japan,127704040,Softball,Women,Gold
JPN,Japan,127704040,Softball,Women,Gold
JPN,Japan,127704040,Wrestling,Women,Gold
JPN,Japan,127704040,Wrestling,Men,Bronze
JPN,Japan,127704040,Wrestling,Women,Gold
JPN,Japan,127704040,Wrestling,Women,Bronze
JPN,Japan,127704040,Wrestling,Women,Silver
JPN,Japan,127704040,Wrestling,Men,Silver
KAZ,Kazakhstan,15674000,Boxing,Men,Bronze
KAZ,Kazakhstan,15674000,Boxing,Men,Gold
KAZ,Kazakhstan,15674000,Judo,Men,Silver
KAZ,Kazakhstan,15674000,Taekwondo,Men,Bronze
KAZ,Kazakhstan,15674000,Weightlifting,Men,Gold
KAZ,Kazakhstan,15674000,Weightlifting,Women,Silver
KAZ,Kazakhstan,15674000,Weightlifting,Women,Silver
KAZ,Kazakhstan,15674000,Weightlifting,Women,Bronze
KAZ,Kazakhstan,15674000,Wrestling,Men,Bronze
KAZ,Kazakhstan,15674000,Wrestling,Men,Silver
KAZ,Kazakhstan,15674000,Wrestling,Men,Bronze
KAZ,Kazakhstan,15674000,Wrestling,Women,Bronze
KAZ,Kazakhstan,15674000,Wrestling,Men,Bronze
KEN,Kenya,38773277,Athletics,Men,Silver
KEN,Kenya,38773277,Athletics,Men,Bronze
KEN,Kenya,38773277,Athletics,Men,Gold
KEN,Kenya,38773277,Athletics,Men,Bronze
KEN,Kenya,38773277,Athletics,Men,Gold
KEN,Kenya,38773277,Athletics,Women,Gold
KEN,Kenya,38773277,Athletics,Women,Gold
KEN,Kenya,38773277,Athletics,Men,Bronze
KEN,Kenya,38773277,Athletics,Women,Silver
KEN,Kenya,38773277,Athletics,Men,Gold
KEN,Kenya,38773277,Athletics,Women,Silver
KEN,Kenya,38773277,Athletics,Men,Bronze
KEN,Kenya,38773277,Athletics,Women,Silver
KEN,Kenya,38773277,Athletics,Men,Gold
KGZ,Kyrgyz Republic,5318700,Wrestling,Men,Silver
KGZ,Kyrgyz Republic,5318700,Wrestling,Men,Bronze
KOR,"Korea, Rep.",48948698,Aquatics,Men,Silver
KOR,"Korea, Rep.",48948698,Aquatics,Men,Gold
KOR,"Korea, Rep.",48948698,Archery,Men,Gold
KOR,"Korea, Rep.",48948698,Archery,Women,Gold
KOR,"Korea, Rep.",48948698,Archery,Men,Silver
KOR,"Korea, Rep.",48948698,Archery,Women,Silver
KOR,"Korea, Rep.",48948698,Archery,Women,Bronze
KOR,"Korea, Rep.",48948698,Archery,Men,Gold
KOR,"Korea, Rep.",48948698,Archery,Women,Gold
KOR,"Korea, Rep.",48948698,Archery,Women,Gold
KOR,"Korea, Rep.",48948698,Archery,Men,Gold
KOR,"Korea, Rep.",48948698,Badminton,Women,Gold
KOR,"Korea, Rep.",48948698,Badminton,Women,Silver
KOR,"Korea, Rep.",48948698,Badminton,Men,Gold
KOR,"Korea, Rep.",48948698,Badminton,Men,Bronze
KOR,"Korea, Rep.",48948698,Badminton,Men,Bronze
KOR,"Korea, Rep.",48948698,Badminton,Women,Silver
KOR,"Korea, Rep.",48948698,Baseball,Men,Gold
KOR,"Korea, Rep.",48948698,Baseball,Men,Gold
KOR,"Korea, Rep.",48948698,Baseball,Men,Gold
KOR,"Korea, Rep.",48948698,Baseball,Men,Gold
KOR,"Korea, Rep.",48948698,Baseball,Men,Gold
KOR,"Korea, Rep.",48948698,Baseball,Men,Gold
KOR,"Korea, Rep.",48948698,Baseball,Men,Gold
KOR,"Korea, Rep.",48948698,Baseball,Men,Gold
KOR,"Korea, Rep.",48948698,Baseball,Men,Gold
KOR,"Korea, Rep.",48948698,Baseball,Men,Gold
KOR,"Korea, Rep.",48948698,Baseball,Men,Gold
KOR,"Korea, Rep.",48948698,Baseball,Men,Gold
KOR,"Korea, Rep.",48948698,Baseball,Men,Gold
KOR,"Korea, Rep.",48948698,Baseball,Men,Gold
KOR,"Korea, Rep.",48948698,Baseball,Men,Gold
KOR,"Korea, Rep.",48948698,Baseball,Men,Gold
KOR,"Korea, Rep.",48948698,Baseball,Men,Gold
KOR,"Korea, Rep.",48948698,Baseball,Men,Gold
KOR,"Korea, Rep.",48948698,Baseball,Men,Gold
KOR,"Korea, Rep.",48948698,Baseball,Men,Gold
KOR,"Korea, Rep.",48948698,Baseball,Men,Gold
KOR,"Korea, Rep.",48948698,Baseball,Men,Gold
KOR,"Korea, Rep.",48948698,Baseball,Men,Gold
KOR,"Korea, Rep.",48948698,Baseball,Men,Gold
KOR,"Korea, Rep.",48948698,Boxing,Men,Bronze
KOR,"Korea, Rep.",48948698,Fencing,Women,Silver
KOR,"Korea, Rep.",48948698,Gymnastics,Men,Silver
KOR,"Korea, Rep.",48948698,Handball,Women,Bronze
KOR,"Korea, Rep.",48948698,Handball,Women,Bronze
KOR,"Korea, Rep.",48948698,Handball,Women,Bronze
KOR,"Korea, Rep.",48948698,Handball,Women,Bronze
KOR,"Korea, Rep.",48948698,Handball,Women,Bronze
KOR,"Korea, Rep.",48948698,Handball,Women,Bronze
KOR,"Korea, Rep.",48948698,Handball,Women,Bronze
KOR,"Korea, Rep.",48948698,Handball,Women,Bronze
KOR,"Korea, Rep.",48948698,Handball,Women,Bronze
KOR,"Korea, Rep.",48948698,Handball,Women,Bronze
KOR,"Korea, Rep.",48948698,Handball,Women,Bronze
KOR,"Korea, Rep.",48948698,Handball,Women,Bronze
KOR,"Korea, Rep.",48948698,Handball,Women,Bronze
KOR,"Korea, Rep.",48948698,Handball,Women,Bronze
KOR,"Korea, Rep.",48948698,Judo,Men,Gold
KOR,"Korea, Rep.",48948698,Judo,Men,Silver
KOR,"Korea, Rep.",48948698,Judo,Women,Bronze
KOR,"Korea, Rep.",48948698,Judo,Men,Silver
KOR,"Korea, Rep.",48948698,Shooting,Men,Silver
KOR,"Korea, Rep.",48948698,Shooting,Men,Gold
KOR,"Korea, Rep.",48948698,Table Tennis,Women,Bronze
KOR,"Korea, Rep.",48948698,Table Tennis,Women,Bronze
KOR,"Korea, Rep.",48948698,Table Tennis,Men,Bronze
KOR,"Korea, Rep.",48948698,Table Tennis,Men,Bronze
KOR,"Korea, Rep.",48948698,Table Tennis,Men,Bronze
KOR,"Korea, Rep.",48948698,Table Tennis,Women,Bronze
KOR,"Korea, Rep.",48948698,Taekwondo,Women,Gold
KOR,"Korea, Rep.",48948698,Taekwondo,Women,Gold
KOR,"Korea, Rep.",48948698,Taekwondo,Men,Gold
KOR,"Korea, Rep.",48948698,Taekwondo,Men,Gold
KOR,"Korea, Rep.",48948698,Weightlifting,Men,Gold
KOR,"Korea, Rep.",48948698,Weightlifting,Women,Silver
KOR,"Korea, Rep.",48948698,Weightlifting,Women,Gold
KOR,"Korea, Rep.",48948698,Wrestling,Men,Bronze
LAT,Latvia,2150412,Athletics,Men,Silver
LAT,Latvia,2150412,Cycling,Men,Gold
LAT,Latvia,2150412,Weightlifting,Men,Bronze
LTU,Lithuania,3198231,Athletics,Men,Bronze
LTU,Lithuania,3198231,Modern Pentathlon,Men,Bronze
LTU,Lithuania,3198231,Modern Pentathlon,Men,Silver
LTU,Lithuania,3198231,Sailing,Women,Silver
LTU,Lithuania,3198231,Wrestling,Men,Bronze
MAR,Morocco,30955151,Athletics,Women,Bronze
MAR,Morocco,30955151,Athletics,Men,Silver
MAS,Malalysia,27664295,Badminton,Men,Silver
MDA,Moldova,3570108,Boxing,Men,Bronze
MEX,Mexico,114968039,Aquatics,Women,Bronze
MEX,Mexico,114968039,Aquatics,Women,Bronze
MEX,Mexico,114968039,Taekwondo,Women,Gold
MEX,Mexico,114968039,Taekwondo,Men,Gold
MGL,Mongolia,2633887,Boxing,Men,Silver
MGL,Mongolia,2633887,Boxing,Men,Gold
MGL,Mongolia,2633887,Judo,Men,Gold
MGL,Mongolia,2633887,Shooting,Women,Silver
MRI,Mauritius,1275683,Boxing,Men,Bronze
NED,Netherlands,1392802,Aquatics,Women,Gold
NED,Netherlands,1392802,Aquatics,Women,Gold
NED,Netherlands,1392802,Aquatics,Women,Gold
NED,Netherlands,1392802,Aquatics,Women,Gold
NED,Netherlands,1392802,Aquatics,Women,Gold
NED,Netherlands,1392802,Aquatics,Women,Gold
NED,Netherlands,1392802,Aquatics,Women,Gold
NED,Netherlands,1392802,Aquatics,Men,Gold
NED,Netherlands,1392802,Aquatics,Women,Gold
NED,Netherlands,1392802,Aquatics,Women,Gold
NED,Netherlands,1392802,Aquatics,Women,Gold
NED,Netherlands,1392802,Aquatics,Women,Gold
NED,Netherlands,1392802,Aquatics,Women,Gold
NED,Netherlands,1392802,Aquatics,Women,Gold
NED,Netherlands,1392802,Aquatics,Women,Gold
NED,Netherlands,1392802,Aquatics,Women,Gold
NED,Netherlands,1392802,Aquatics,Women,Gold
NED,Netherlands,1392802,Aquatics,Women,Gold
NED,Netherlands,1392802,Aquatics,Women,Gold
NED,Netherlands,1392802,Aquatics,Women,Gold
NED,Netherlands,1392802,Cycling,Women,Gold
NED,Netherlands,1392802,Equestrian,Women,Gold
NED,Netherlands,1392802,Equestrian,Men,Silver
NED,Netherlands,1392802,Equestrian,Women,Silver
NED,Netherlands,1392802,Equestrian,Women,Silver
NED,Netherlands,1392802,Hockey,Women,Gold
NED,Netherlands,1392802,Hockey,Women,Gold
NED,Netherlands,1392802,Hockey,Women,Gold
NED,Netherlands,1392802,Hockey,Women,Gold
NED,Netherlands,1392802,Hockey,Women,Gold
NED,Netherlands,1392802,Hockey,Women,Gold
NED,Netherlands,1392802,Hockey,Women,Gold
NED,Netherlands,1392802,Hockey,Women,Gold
NED,Netherlands,1392802,Hockey,Women,Gold
NED,Netherlands,1392802,Hockey,Women,Gold
NED,Netherlands,1392802,Hockey,Women,Gold
NED,Netherlands,1392802,Hockey,Women,Gold
NED,Netherlands,1392802,Hockey,Women,Gold
NED,Netherlands,1392802,Hockey,Women,Gold
NED,Netherlands,1392802,Hockey,Women,Gold
NED,Netherlands,1392802,Hockey,Women,Gold
NED,Netherlands,1392802,Judo,Women,Silver
NED,Netherlands,1392802,Judo,Men,Bronze
NED,Netherlands,1392802,Judo,Men,Bronze
NED,Netherlands,1392802,Judo,Women,Bronze
NED,Netherlands,1392802,Judo,Women,Bronze
NED,Netherlands,1392802,Rowing,Women,Silver
NED,Netherlands,1392802,Rowing,Women,Silver
NED,Netherlands,1392802,Rowing,Women,Gold
NED,Netherlands,1392802,Rowing,Women,Gold
NED,Netherlands,1392802,Rowing,Women,Silver
NED,Netherlands,1392802,Rowing,Women,Silver
NED,Netherlands,1392802,Rowing,Women,Silver
NED,Netherlands,1392802,Rowing,Women,Silver
NED,Netherlands,1392802,Rowing,Women,Silver
NED,Netherlands,1392802,Rowing,Women,Silver
NED,Netherlands,1392802,Rowing,Women,Silver
NED,Netherlands,1392802,Sailing,Women,Silver
NED,Netherlands,1392802,Sailing,Women,Silver
NED,Netherlands,1392802,Sailing,Women,Silver
NED,Netherlands,1392802,Sailing,Women,Silver
NED,Netherlands,1392802,Sailing,Women,Silver
NGR,Nigeria,152382505,Athletics,Women,Bronze
NGR,Nigeria,152382505,Athletics,Women,Bronze
NGR,Nigeria,152382505,Athletics,Women,Bronze
NGR,Nigeria,152382505,Athletics,Women,Bronze
NGR,Nigeria,152382505,Athletics,Women,Bronze
NGR,Nigeria,152382505,Football,Men,Silver
NGR,Nigeria,152382505,Football,Men,Silver
NGR,Nigeria,152382505,Football,Men,Silver
NGR,Nigeria,152382505,Football,Men,Silver
NGR,Nigeria,152382505,Football,Men,Silver
NGR,Nigeria,152382505,Football,Men,Silver
NGR,Nigeria,152382505,Football,Men,Silver
NGR,Nigeria,152382505,Football,Men,Silver
NGR,Nigeria,152382505,Football,Men,Silver
NGR,Nigeria,152382505,Football,Men,Silver
NGR,Nigeria,152382505,Football,Men,Silver
NGR,Nigeria,152382505,Football,Men,Silver
NGR,Nigeria,152382505,Football,Men,Silver
NGR,Nigeria,152382505,Football,Men,Silver
NGR,Nigeria,152382505,Football,Men,Silver
NGR,Nigeria,152382505,Football,Men,Silver
NGR,Nigeria,152382505,Football,Men,Silver
NGR,Nigeria,152382505,Football,Men,Silver
NGR,Nigeria,152382505,Taekwondo,Men,Bronze
NOR,Norway,4768212,Aquatics,Men,Silver
NOR,Norway,4768212,Aquatics,Women,Bronze
NOR,Norway,4768212,Athletics,Women,Silver
NOR,Norway,4768212,Athletics,Men,Gold
NOR,Norway,4768212,Canoe / Kayak,Men,Silver
NOR,Norway,4768212,Handball,Women,Gold
NOR,Norway,4768212,Handball,Women,Gold
NOR,Norway,4768212,Handball,Women,Gold
NOR,Norway,4768212,Handball,Women,Gold
NOR,Norway,4768212,Handball,Women,Gold
NOR,Norway,4768212,Handball,Women,Gold
NOR,Norway,4768212,Handball,Women,Gold
NOR,Norway,4768212,Handball,Women,Gold
NOR,Norway,4768212,Handball,Women,Gold
NOR,Norway,4768212,Handball,Women,Gold
NOR,Norway,4768212,Handball,Women,Gold
NOR,Norway,4768212,Handball,Women,Gold
NOR,Norway,4768212,Handball,Women,Gold
NOR,Norway,4768212,Handball,Women,Gold
NOR,Norway,4768212,Rowing,Men,Gold
NOR,Norway,4768212,Shooting,Men,Silver
NOR,Norway,4768212,Taekwondo,Women,Silver
NZL,New Zealand,4268900,Athletics,Women,Gold
NZL,New Zealand,4268900,Athletics,Men,Silver
NZL,New Zealand,4268900,Cycling,Men,Silver
NZL,New Zealand,4268900,Cycling,Men,Bronze
NZL,New Zealand,4268900,Cycling,Men,Bronze
NZL,New Zealand,4268900,Cycling,Men,Bronze
NZL,New Zealand,4268900,Cycling,Men,Bronze
NZL,New Zealand,4268900,Rowing,Men,Bronze
NZL,New Zealand,4268900,Rowing,Men,Bronze
NZL,New Zealand,4268900,Rowing,Women,Gold
NZL,New Zealand,4268900,Rowing,Women,Gold
NZL,New Zealand,4268900,Rowing,Men,Bronze
NZL,New Zealand,4268900,Sailing,Men,Gold
NZL,New Zealand,4268900,Triathlon,Men,Bronze
PAN,Panama,3553480,Athletics,Men,Gold
POL,Poland,38125759,Athletics,Men,Gold
POL,Poland,38125759,Athletics,Men,Silver
POL,Poland,38125759,Canoe / Kayak,Women,Silver
POL,Poland,38125759,Canoe / Kayak,Women,Silver
POL,Poland,38125759,Cycling,Women,Silver
POL,Poland,38125759,Fencing,Men,Silver
POL,Poland,38125759,Fencing,Men,Silver
POL,Poland,38125759,Fencing,Men,Silver
POL,Poland,38125759,Fencing,Men,Silver
POL,Poland,38125759,Gymnastics,Men,Gold
POL,Poland,38125759,Rowing,Men,Gold
POL,Poland,38125759,Rowing,Men,Gold
POL,Poland,38125759,Rowing,Men,Silver
POL,Poland,38125759,Rowing,Men,Silver
POL,Poland,38125759,Rowing,Men,Gold
POL,Poland,38125759,Rowing,Men,Silver
POL,Poland,38125759,Rowing,Men,Silver
POL,Poland,38125759,Rowing,Men,Gold
POL,Poland,38125759,Weightlifting,Men,Silver
POL,Poland,38125759,Wrestling,Women,Bronze
POR,Portugal,10580960,Athletics,Men,Gold
POR,Portugal,10580960,Triathlon,Women,Silver
PRK,"Korea, Dem. Rep.",24243894,Gymnastics,Women,Gold
PRK,"Korea, Dem. Rep.",24243894,Judo,Men,Bronze
PRK,"Korea, Dem. Rep.",24243894,Judo,Women,Bronze
PRK,"Korea, Dem. Rep.",24243894,Judo,Women,Silver
PRK,"Korea, Dem. Rep.",24243894,Weightlifting,Women,Bronze
PRK,"Korea, Dem. Rep.",24243894,Weightlifting,Women,Gold
ROU,Romania,20537875,Athletics,Women,Gold
ROU,Romania,20537875,Fencing,Men,Bronze
ROU,Romania,20537875,Fencing,Women,Silver
ROU,Romania,20537875,Gymnastics,Women,Bronze
ROU,Romania,20537875,Gymnastics,Women,Bronze
ROU,Romania,20537875,Gymnastics,Women,Gold
ROU,Romania,20537875,Gymnastics,Women,Bronze
ROU,Romania,20537875,Gymnastics,Women,Bronze
ROU,Romania,20537875,Gymnastics,Women,Bronze
ROU,Romania,20537875,Gymnastics,Women,Bronze
ROU,Romania,20537875,Judo,Women,Gold
ROU,Romania,20537875,Rowing,Women,Gold
ROU,Romania,20537875,Rowing,Women,Gold
ROU,Romania,20537875,Rowing,Women,Bronze
ROU,Romania,20537875,Rowing,Women,Bronze
ROU,Romania,20537875,Rowing,Women,Bronze
ROU,Romania,20537875,Rowing,Women,Bronze
ROU,Romania,20537875,Rowing,Women,Bronze
ROU,Romania,20537875,Rowing,Women,Bronze
ROU,Romania,20537875,Rowing,Women,Bronze
ROU,Romania,20537875,Rowing,Women,Bronze
ROU,Romania,20537875,Rowing,Women,Bronze
RSA,South Africa,50565811,Athletics,Men,Silver
RUS,Russian Federation,141950000,Aquatics,Men,Silver
RUS,Russian Federation,141950000,Aquatics,Women,Gold
RUS,Russian Federation,141950000,Aquatics,Women,Silver
RUS,Russian Federation,141950000,Aquatics,Women,Silver
RUS,Russian Federation,141950000,Aquatics,Men,Bronze
RUS,Russian Federation,141950000,Aquatics,Men,Bronze
RUS,Russian Federation,141950000,Aquatics,Men,Bronze
RUS,Russian Federation,141950000,Aquatics,Women,Silver
RUS,Russian Federation,141950000,Aquatics,Men,Bronze
RUS,Russian Federation,141950000,Aquatics,Men,Bronze
RUS,Russian Federation,141950000,Aquatics,Men,Silver
RUS,Russian Federation,141950000,Aquatics,Women,Gold
RUS,Russian Federation,141950000,Aquatics,Women,Gold
RUS,Russian Federation,141950000,Aquatics,Women,Gold
RUS,Russian Federation,141950000,Aquatics,Men,Silver
RUS,Russian Federation,141950000,Aquatics,Men,Silver
RUS,Russian Federation,141950000,Aquatics,Men,Silver
RUS,Russian Federation,141950000,Aquatics,Men,Silver
RUS,Russian Federation,141950000,Aquatics,Men,Silver
RUS,Russian Federation,141950000,Aquatics,Women,Gold
RUS,Russian Federation,141950000,Aquatics,Women,Gold
RUS,Russian Federation,141950000,Aquatics,Women,Gold
RUS,Russian Federation,141950000,Aquatics,Women,Gold
RUS,Russian Federation,141950000,Aquatics,Women,Gold
RUS,Russian Federation,141950000,Aquatics,Women,Gold
RUS,Russian Federation,141950000,Aquatics,Women,Gold
RUS,Russian Federation,141950000,Aquatics,Women,Gold
RUS,Russian Federation,141950000,Archery,Men,Bronze
RUS,Russian Federation,141950000,Athletics,Women,Gold
RUS,Russian Federation,141950000,Athletics,Men,Gold
RUS,Russian Federation,141950000,Athletics,Women,Gold
RUS,Russian Federation,141950000,Athletics,Women,Gold
RUS,Russian Federation,141950000,Athletics,Women,Gold
RUS,Russian Federation,141950000,Athletics,Women,Gold
RUS,Russian Federation,141950000,Athletics,Men,Bronze
RUS,Russian Federation,141950000,Athletics,Women,Gold
RUS,Russian Federation,141950000,Athletics,Women,Bronze
RUS,Russian Federation,141950000,Athletics,Men,Silver
RUS,Russian Federation,141950000,Athletics,Women,Bronze
RUS,Russian Federation,141950000,Athletics,Women,Gold
RUS,Russian Federation,141950000,Athletics,Women,Bronze
RUS,Russian Federation,141950000,Athletics,Men,Bronze
RUS,Russian Federation,141950000,Athletics,Men,Gold
RUS,Russian Federation,141950000,Athletics,Women,Bronze
RUS,Russian Federation,141950000,Athletics,Women,Silver
RUS,Russian Federation,141950000,Athletics,Women,Silver
RUS,Russian Federation,141950000,Athletics,Women,Silver
RUS,Russian Federation,141950000,Athletics,Women,Silver
RUS,Russian Federation,141950000,Athletics,Women,Silver
RUS,Russian Federation,141950000,Athletics,Women,Silver
RUS,Russian Federation,141950000,Athletics,Men,Bronze
RUS,Russian Federation,141950000,Athletics,Men,Bronze
RUS,Russian Federation,141950000,Athletics,Men,Bronze
RUS,Russian Federation,141950000,Athletics,Men,Bronze
RUS,Russian Federation,141950000,Athletics,Women,Silver
RUS,Russian Federation,141950000,Basketball,Women,Bronze
RUS,Russian Federation,141950000,Basketball,Women,Bronze
RUS,Russian Federation,141950000,Basketball,Women,Bronze
RUS,Russian Federation,141950000,Basketball,Women,Bronze
RUS,Russian Federation,141950000,Basketball,Women,Bronze
RUS,Russian Federation,141950000,Basketball,Women,Bronze
RUS,Russian Federation,141950000,Basketball,Women,Bronze
RUS,Russian Federation,141950000,Basketball,Women,Bronze
RUS,Russian Federation,141950000,Basketball,Women,Bronze
RUS,Russian Federation,141950000,Basketball,Women,Bronze
RUS,Russian Federation,141950000,Basketball,Women,Bronze
RUS,Russian Federation,141950000,Basketball,Women,Bronze
RUS,Russian Federation,141950000,Boxing,Men,Gold
RUS,Russian Federation,141950000,Boxing,Men,Gold
RUS,Russian Federation,141950000,Boxing,Men,Bronze
RUS,Russian Federation,141950000,Canoe / Kayak,Men,Silver
RUS,Russian Federation,141950000,Canoe / Kayak,Men,Silver
RUS,Russian Federation,141950000,Canoe / Kayak,Men,Gold
RUS,Russian Federation,141950000,Canoe / Kayak,Men,Bronze
RUS,Russian Federation,141950000,Canoe / Kayak,Men,Bronze
RUS,Russian Federation,141950000,Cycling,Women,Bronze
RUS,Russian Federation,141950000,Cycling,Men,Bronze
RUS,Russian Federation,141950000,Cycling,Men,Bronze
RUS,Russian Federation,141950000,Fencing,Women,Gold
RUS,Russian Federation,141950000,Fencing,Women,Gold
RUS,Russian Federation,141950000,Fencing,Women,Gold
RUS,Russian Federation,141950000,Fencing,Women,Gold
RUS,Russian Federation,141950000,Gymnastics,Men,Bronze
RUS,Russian Federation,141950000,Gymnastics,Men,Bronze
RUS,Russian Federation,141950000,Gymnastics,Women,Gold
RUS,Russian Federation,141950000,Gymnastics,Women,Gold
RUS,Russian Federation,141950000,Gymnastics,Women,Gold
RUS,Russian Federation,141950000,Gymnastics,Women,Gold
RUS,Russian Federation,141950000,Gymnastics,Women,Gold
RUS,Russian Federation,141950000,Gymnastics,Women,Gold
RUS,Russian Federation,141950000,Gymnastics,Women,Gold
RUS,Russian Federation,141950000,Handball,Women,Silver
RUS,Russian Federation,141950000,Handball,Women,Silver
RUS,Russian Federation,141950000,Handball,Women,Silver
RUS,Russian Federation,141950000,Handball,Women,Silver
RUS,Russian Federation,141950000,Handball,Women,Silver
RUS,Russian Federation,141950000,Handball,Women,Silver
RUS,Russian Federation,141950000,Handball,Women,Silver
RUS,Russian Federation,141950000,Handball,Women,Silver
RUS,Russian Federation,141950000,Handball,Women,Silver
RUS,Russian Federation,141950000,Handball,Women,Silver
RUS,Russian Federation,141950000,Handball,Women,Silver
RUS,Russian Federation,141950000,Handball,Women,Silver
RUS,Russian Federation,141950000,Handball,Women,Silver
RUS,Russian Federation,141950000,Handball,Women,Silver
RUS,Russian Federation,141950000,Modern Pentathlon,Men,Gold
RUS,Russian Federation,141950000,Shooting,Women,Silver
RUS,Russian Federation,141950000,Shooting,Women,Silver
RUS,Russian Federation,141950000,Shooting,Men,Bronze
RUS,Russian Federation,141950000,Shooting,Men,Bronze
RUS,Russian Federation,141950000,Tennis,Women,Gold
RUS,Russian Federation,141950000,Tennis,Women,Bronze
RUS,Russian Federation,141950000,Tennis,Women,Silver
RUS,Russian Federation,141950000,Volleyball,Men,Bronze
RUS,Russian Federation,141950000,Volleyball,Men,Bronze
RUS,Russian Federation,141950000,Volleyball,Men,Bronze
RUS,Russian Federation,141950000,Volleyball,Men,Bronze
RUS,Russian Federation,141950000,Volleyball,Men,Bronze
RUS,Russian Federation,141950000,Volleyball,Men,Bronze
RUS,Russian Federation,141950000,Volleyball,Men,Bronze
RUS,Russian Federation,141950000,Volleyball,Men,Bronze
RUS,Russian Federation,141950000,Volleyball,Men,Bronze
RUS,Russian Federation,141950000,Volleyball,Men,Bronze
RUS,Russian Federation,141950000,Volleyball,Men,Bronze
RUS,Russian Federation,141950000,Volleyball,Men,Bronze
RUS,Russian Federation,141950000,Weightlifting,Women,Bronze
RUS,Russian Federation,141950000,Weightlifting,Men,Bronze
RUS,Russian Federation,141950000,Weightlifting,Women,Silver
RUS,Russian Federation,141950000,Weightlifting,Women,Silver
RUS,Russian Federation,141950000,Weightlifting,Men,Bronze
RUS,Russian Federation,141950000,Weightlifting,Men,Silver
RUS,Russian Federation,141950000,Weightlifting,Men,Silver
RUS,Russian Federation,141950000,Wrestling,Men,Gold
RUS,Russian Federation,141950000,Wrestling,Men,Bronze
RUS,Russian Federation,141950000,Wrestling,Men,Silver
RUS,Russian Federation,141950000,Wrestling,Men,Gold
RUS,Russian Federation,141950000,Wrestling,Men,Gold
RUS,Russian Federation,141950000,Wrestling,Men,Gold
RUS,Russian Federation,141950000,Wrestling,Men,Silver
RUS,Russian Federation,141950000,Wrestling,Men,Gold
RUS,Russian Federation,141950000,Wrestling,Men,Bronze
RUS,Russian Federation,141950000,Wrestling,Women,Silver
RUS,Russian Federation,141950000,Wrestling,Men,Gold
SIN,Singapore,4838402,Table Tennis,Women,Silver
SIN,Singapore,4838402,Table Tennis,Women,Silver
SIN,Singapore,4838402,Table Tennis,Women,Silver
SLO,Slovenia,2034032,Aquatics,Women,Silver
SLO,Slovenia,2034032,Athletics,Men,Gold
SLO,Slovenia,2034032,Judo,Women,Bronze
SLO,Slovenia,2034032,Sailing,Men,Silver
SLO,Slovenia,2034032,Shooting,Men,Bronze
SRB,Serbia,7350221,Aquatics,Men,Bronze
SRB,Serbia,7350221,Aquatics,Men,Bronze
SRB,Serbia,7350221,Aquatics,Men,Bronze
SRB,Serbia,7350221,Aquatics,Men,Bronze
SRB,Serbia,7350221,Aquatics,Men,Bronze
SRB,Serbia,7350221,Aquatics,Men,Bronze
SRB,Serbia,7350221,Aquatics,Men,Bronze
SRB,Serbia,7350221,Aquatics,Men,Bronze
SRB,Serbia,7350221,Aquatics,Men,Silver
SRB,Serbia,7350221,Aquatics,Men,Bronze
SRB,Serbia,7350221,Aquatics,Men,Bronze
SRB,Serbia,7350221,Aquatics,Men,Bronze
SRB,Serbia,7350221,Aquatics,Men,Bronze
SRB,Serbia,7350221,Aquatics,Men,Bronze
SRB,Serbia,7350221,Tennis,Men,Bronze
SUD,Sudan,32065240,Athletics,Men,Silver
SUI,Switerzerland,7638288,Cycling,Men,Bronze
SUI,Switerzerland,7638288,Cycling,Men,Gold
SUI,Switerzerland,7638288,Cycling,Men,Bronze
SUI,Switerzerland,7638288,Cycling,Women,Bronze
SUI,Switerzerland,7638288,Equestrian,Men,Bronze
SUI,Switerzerland,7638288,Equestrian,Men,Bronze
SUI,Switerzerland,7638288,Equestrian,Women,Bronze
SUI,Switerzerland,7638288,Equestrian,Men,Bronze
SUI,Switerzerland,7638288,Judo,Men,Bronze
SUI,Switerzerland,7638288,Tennis,Men,Gold
SUI,Switerzerland,7638288,Tennis,Men,Gold
SVK,Slovak Republic,5379233,Canoe / Kayak,Men,Silver
SVK,Slovak Republic,5379233,Canoe / Kayak,Men,Silver
SVK,Slovak Republic,5379233,Canoe / Kayak,Men,Silver
SVK,Slovak Republic,5379233,Canoe / Kayak,Men,Silver
SVK,Slovak Republic,5379233,Canoe / Kayak,Men,Gold
SVK,Slovak Republic,5379233,Canoe / Kayak,Women,Gold
SVK,Slovak Republic,5379233,Canoe / Kayak,Men,Gold
SVK,Slovak Republic,5379233,Canoe / Kayak,Men,Gold
SVK,Slovak Republic,5379233,Shooting,Women,Silver
SVK,Slovak Republic,5379233,Wrestling,Men,Bronze
SWE,Sweden,9219637,Cycling,Men,Silver
SWE,Sweden,9219637,Cycling,Women,Silver
SWE,Sweden,9219637,Equestrian,Men,Silver
SWE,Sweden,9219637,Sailing,Men,Bronze
SWE,Sweden,9219637,Sailing,Men,Bronze
SWE,Sweden,9219637,Tennis,Men,Silver
SWE,Sweden,9219637,Tennis,Men,Silver
THA,Thailand,66185340,Boxing,Men,Silver
THA,Thailand,66185340,Boxing,Men,Gold
THA,Thailand,66185340,Taekwondo,Women,Silver
THA,Thailand,66185340,Weightlifting,Women,Gold
TJK,Tajikistan,7275252,Judo,Men,Bronze
TJK,Tajikistan,7275252,Wrestling,Men,Silver
TOG,Togo,6222482,Canoe / Kayak,Men,Bronze
TPE,Chinese Taipei,2646869,Taekwondo,Men,Bronze
TPE,Chinese Taipei,2646869,Taekwondo,Men,Bronze
TPE,Chinese Taipei,2646869,Weightlifting,Women,Bronze
TPE,Chinese Taipei,2646869,Weightlifting,Women,Bronze
TRI,Trinidad and Tobago,1392802,Athletics,Men,Silver
TRI,Trinidad and Tobago,1392802,Athletics,Men,Silver
TRI,Trinidad and Tobago,1392802,Athletics,Men,Silver
TRI,Trinidad and Tobago,1392802,Athletics,Men,Silver
TRI,Trinidad and Tobago,1392802,Athletics,Men,Silver
TUN,Tunisia,10328900,Aquatics,Men,Gold
TUR,Turkey,70363511,Athletics,Women,Silver
TUR,Turkey,70363511,Athletics,Women,Silver
TUR,Turkey,70363511,Boxing,Men,Bronze
TUR,Turkey,70363511,Taekwondo,Women,Silver
TUR,Turkey,70363511,Taekwondo,Men,Bronze
TUR,Turkey,70363511,Weightlifting,Women,Silver
TUR,Turkey,70363511,Wrestling,Men,Gold
TUR,Turkey,70363511,Wrestling,Men,Bronze
UKR,Ukraine,46258200,Aquatics,Men,Bronze
UKR,Ukraine,46258200,Aquatics,Men,Bronze
UKR,Ukraine,46258200,Archery,Men,Gold
UKR,Ukraine,46258200,Athletics,Women,Gold
UKR,Ukraine,46258200,Athletics,Men,Bronze
UKR,Ukraine,46258200,Athletics,Women,Bronze
UKR,Ukraine,46258200,Athletics,Women,Silver
UKR,Ukraine,46258200,Athletics,Women,Bronze
UKR,Ukraine,46258200,Boxing,Men,Bronze
UKR,Ukraine,46258200,Boxing,Men,Gold
UKR,Ukraine,46258200,Canoe / Kayak,Women,Gold
UKR,Ukraine,46258200,Canoe / Kayak,Men,Bronze
UKR,Ukraine,46258200,Cycling,Women,Bronze
UKR,Ukraine,46258200,Fencing,Women,Gold
UKR,Ukraine,46258200,Fencing,Women,Gold
UKR,Ukraine,46258200,Fencing,Women,Gold
UKR,Ukraine,46258200,Fencing,Women,Gold
UKR,Ukraine,46258200,Gymnastics,Women,Bronze
UKR,Ukraine,46258200,Gymnastics,Men,Bronze
UKR,Ukraine,46258200,Judo,Men,Bronze
UKR,Ukraine,46258200,Modern Pentathlon,Women,Bronze
UKR,Ukraine,46258200,Shooting,Men,Gold
UKR,Ukraine,46258200,Shooting,Men,Gold
UKR,Ukraine,46258200,Shooting,Men,Silver
UKR,Ukraine,46258200,Weightlifting,Women,Silver
UKR,Ukraine,46258200,Weightlifting,Women,Bronze
UKR,Ukraine,46258200,Wrestling,Men,Silver
UKR,Ukraine,46258200,Wrestling,Men,Silver
UKR,Ukraine,46258200,Wrestling,Men,Bronze
UKR,Ukraine,46258200,Wrestling,Women,Bronze
UKR,Ukraine,46258200,Wrestling,Men,Bronze
USA,United States,304093966,Aquatics,Men,Gold
USA,United States,304093966,Aquatics,Men,Gold
USA,United States,304093966,Aquatics,Men,Gold
USA,United States,304093966,Aquatics,Men,Gold
USA,United States,304093966,Aquatics,Men,Gold
USA,United States,304093966,Aquatics,Women,Silver
USA,United States,304093966,Aquatics,Women,Silver
USA,United States,304093966,Aquatics,Women,Silver
USA,United States,304093966,Aquatics,Women,Silver
USA,United States,304093966,Aquatics,Women,Silver
USA,United States,304093966,Aquatics,Women,Silver
USA,United States,304093966,Aquatics,Women,Silver
USA,United States,304093966,Aquatics,Women,Silver
USA,United States,304093966,Aquatics,Men,Gold
USA,United States,304093966,Aquatics,Men,Gold
USA,United States,304093966,Aquatics,Men,Gold
USA,United States,304093966,Aquatics,Men,Gold
USA,United States,304093966,Aquatics,Men,Silver
USA,United States,304093966,Aquatics,Men,Silver
USA,United States,304093966,Aquatics,Men,Silver
USA,United States,304093966,Aquatics,Men,Silver
USA,United States,304093966,Aquatics,Women,Silver
USA,United States,304093966,Aquatics,Women,Silver
USA,United States,304093966,Aquatics,Women,Silver
USA,United States,304093966,Aquatics,Women,Silver
USA,United States,304093966,Aquatics,Women,Silver
USA,United States,304093966,Aquatics,Women,Silver
USA,United States,304093966,Aquatics,Women,Silver
USA,United States,304093966,Aquatics,Women,Silver
USA,United States,304093966,Aquatics,Men,Silver
USA,United States,304093966,Aquatics,Men,Silver
USA,United States,304093966,Aquatics,Men,Silver
USA,United States,304093966,Aquatics,Men,Silver
USA,United States,304093966,Aquatics,Men,Silver
USA,United States,304093966,Aquatics,Men,Gold
USA,United States,304093966,Aquatics,Women,Gold
USA,United States,304093966,Aquatics,Women,Bronze
USA,United States,304093966,Aquatics,Women,Silver
USA,United States,304093966,Aquatics,Men,Gold
USA,United States,304093966,Aquatics,Women,Silver
USA,United States,304093966,Aquatics,Men,Bronze
USA,United States,304093966,Aquatics,Women,Bronze
USA,United States,304093966,Aquatics,Men,Gold
USA,United States,304093966,Aquatics,Men,Silver
USA,United States,304093966,Aquatics,Women,Silver
USA,United States,304093966,Aquatics,Women,Gold
USA,United States,304093966,Aquatics,Men,Gold
USA,United States,304093966,Aquatics,Men,Gold
USA,United States,304093966,Aquatics,Men,Bronze
USA,United States,304093966,Aquatics,Men,Bronze
USA,United States,304093966,Aquatics,Men,Gold
USA,United States,304093966,Aquatics,Women,Bronze
USA,United States,304093966,Aquatics,Men,Bronze
USA,United States,304093966,Aquatics,Women,Silver
USA,United States,304093966,Aquatics,Men,Bronze
USA,United States,304093966,Aquatics,Men,Gold
USA,United States,304093966,Aquatics,Women,Bronze
USA,United States,304093966,Aquatics,Men,Gold
USA,United States,304093966,Aquatics,Men,Gold
USA,United States,304093966,Aquatics,Men,Gold
USA,United States,304093966,Aquatics,Men,Gold
USA,United States,304093966,Aquatics,Men,Gold
USA,United States,304093966,Aquatics,Men,Gold
USA,United States,304093966,Aquatics,Men,Gold
USA,United States,304093966,Aquatics,Men,Gold
USA,United States,304093966,Aquatics,Women,Bronze
USA,United States,304093966,Aquatics,Women,Bronze
USA,United States,304093966,Aquatics,Women,Bronze
USA,United States,304093966,Aquatics,Women,Bronze
USA,United States,304093966,Aquatics,Women,Bronze
USA,United States,304093966,Aquatics,Women,Bronze
USA,United States,304093966,Aquatics,Women,Bronze
USA,United States,304093966,Aquatics,Women,Silver
USA,United States,304093966,Aquatics,Women,Silver
USA,United States,304093966,Aquatics,Women,Silver
USA,United States,304093966,Aquatics,Women,Silver
USA,United States,304093966,Aquatics,Women,Silver
USA,United States,304093966,Aquatics,Women,Silver
USA,United States,304093966,Aquatics,Men,Silver
USA,United States,304093966,Aquatics,Men,Silver
USA,United States,304093966,Aquatics,Men,Silver
USA,United States,304093966,Aquatics,Men,Silver
USA,United States,304093966,Aquatics,Men,Silver
USA,United States,304093966,Aquatics,Men,Gold
USA,United States,304093966,Aquatics,Men,Gold
USA,United States,304093966,Aquatics,Women,Silver
USA,United States,304093966,Aquatics,Women,Silver
USA,United States,304093966,Aquatics,Women,Silver
USA,United States,304093966,Aquatics,Women,Silver
USA,United States,304093966,Aquatics,Women,Silver
USA,United States,304093966,Aquatics,Women,Silver
USA,United States,304093966,Aquatics,Men,Gold
USA,United States,304093966,Aquatics,Men,Gold
USA,United States,304093966,Aquatics,Men,Gold
USA,United States,304093966,Athletics,Women,Gold
USA,United States,304093966,Athletics,Women,Silver
USA,United States,304093966,Athletics,Women,Gold
USA,United States,304093966,Athletics,Men,Bronze
USA,United States,304093966,Athletics,Men,Gold
USA,United States,304093966,Athletics,Women,Silver
USA,United States,304093966,Athletics,Men,Gold
USA,United States,304093966,Athletics,Men,Gold
USA,United States,304093966,Athletics,Men,Gold
USA,United States,304093966,Athletics,Men,Gold
USA,United States,304093966,Athletics,Women,Gold
USA,United States,304093966,Athletics,Women,Bronze
USA,United States,304093966,Athletics,Men,Bronze
USA,United States,304093966,Athletics,Women,Gold
USA,United States,304093966,Athletics,Men,Bronze
USA,United States,304093966,Athletics,Men,Silver
USA,United States,304093966,Athletics,Men,Silver
USA,United States,304093966,Athletics,Men,Bronze
USA,United States,304093966,Athletics,Women,Silver
USA,United States,304093966,Athletics,Men,Gold
USA,United States,304093966,Athletics,Men,Bronze
USA,United States,304093966,Athletics,Men,Silver
USA,United States,304093966,Athletics,Women,Bronze
USA,United States,304093966,Athletics,Men,Silver
USA,United States,304093966,Athletics,Women,Silver
USA,United States,304093966,Athletics,Men,Silver
USA,United States,304093966,Athletics,Men,Gold
USA,United States,304093966,Athletics,Women,Gold
USA,United States,304093966,Athletics,Women,Gold
USA,United States,304093966,Baseball,Men,Bronze
USA,United States,304093966,Baseball,Men,Bronze
USA,United States,304093966,Baseball,Men,Bronze
USA,United States,304093966,Baseball,Men,Bronze
USA,United States,304093966,Baseball,Men,Bronze
USA,United States,304093966,Baseball,Men,Bronze
USA,United States,304093966,Baseball,Men,Bronze
USA,United States,304093966,Baseball,Men,Bronze
USA,United States,304093966,Baseball,Men,Bronze
USA,United States,304093966,Baseball,Men,Bronze
USA,United States,304093966,Baseball,Men,Bronze
USA,United States,304093966,Baseball,Men,Bronze
USA,United States,304093966,Baseball,Men,Bronze
USA,United States,304093966,Baseball,Men,Bronze
USA,United States,304093966,Baseball,Men,Bronze
USA,United States,304093966,Baseball,Men,Bronze
USA,United States,304093966,Baseball,Men,Bronze
USA,United States,304093966,Baseball,Men,Bronze
USA,United States,304093966,Baseball,Men,Bronze
USA,United States,304093966,Baseball,Men,Bronze
USA,United States,304093966,Baseball,Men,Bronze
USA,United States,304093966,Baseball,Men,Bronze
USA,United States,304093966,Baseball,Men,Bronze
USA,United States,304093966,Baseball,Men,Bronze
USA,United States,304093966,Basketball,Men,Gold
USA,United States,304093966,Basketball,Men,Gold
USA,United States,304093966,Basketball,Men,Gold
USA,United States,304093966,Basketball,Men,Gold
USA,United States,304093966,Basketball,Men,Gold
USA,United States,304093966,Basketball,Men,Gold
USA,United States,304093966,Basketball,Men,Gold
USA,United States,304093966,Basketball,Women,Gold
USA,United States,304093966,Basketball,Women,Gold
USA,United States,304093966,Basketball,Men,Gold
USA,United States,304093966,Basketball,Men,Gold
USA,United States,304093966,Basketball,Men,Gold
USA,United States,304093966,Basketball,Women,Gold
USA,United States,304093966,Basketball,Men,Gold
USA,United States,304093966,Basketball,Men,Gold
USA,United States,304093966,Basketball,Women,Gold
USA,United States,304093966,Basketball,Women,Gold
USA,United States,304093966,Basketball,Women,Gold
USA,United States,304093966,Basketball,Women,Gold
USA,United States,304093966,Basketball,Women,Gold
USA,United States,304093966,Basketball,Women,Gold
USA,United States,304093966,Basketball,Women,Gold
USA,United States,304093966,Basketball,Women,Gold
USA,United States,304093966,Basketball,Women,Gold
USA,United States,304093966,Boxing,Men,Bronze
USA,United States,304093966,Cycling,Men,Silver
USA,United States,304093966,Cycling,Men,Bronze
USA,United States,304093966,Cycling,Women,Gold
USA,United States,304093966,Cycling,Men,Bronze
USA,United States,304093966,Cycling,Women,Bronze
USA,United States,304093966,Equestrian,Women,Gold
USA,United States,304093966,Equestrian,Women,Bronze
USA,United States,304093966,Equestrian,Women,Gold
USA,United States,304093966,Equestrian,Men,Gold
USA,United States,304093966,Equestrian,Men,Gold
USA,United States,304093966,Equestrian,Women,Silver
USA,United States,304093966,Fencing,Women,Silver
USA,United States,304093966,Fencing,Women,Silver
USA,United States,304093966,Fencing,Women,Silver
USA,United States,304093966,Fencing,Women,Silver
USA,United States,304093966,Fencing,Women,Bronze
USA,United States,304093966,Fencing,Women,Bronze
USA,United States,304093966,Fencing,Women,Bronze
USA,United States,304093966,Fencing,Men,Silver
USA,United States,304093966,Fencing,Men,Silver
USA,United States,304093966,Fencing,Men,Silver
USA,United States,304093966,Fencing,Men,Silver
USA,United States,304093966,Fencing,Women,Gold
USA,United States,304093966,Fencing,Women,Bronze
USA,United States,304093966,Football,Women,Gold
USA,United States,304093966,Football,Women,Gold
USA,United States,304093966,Football,Women,Gold
USA,United States,304093966,Football,Women,Gold
USA,United States,304093966,Football,Women,Gold
USA,United States,304093966,Football,Women,Gold
USA,United States,304093966,Football,Women,Gold
USA,United States,304093966,Football,Women,Gold
USA,United States,304093966,Football,Women,Gold
USA,United States,304093966,Football,Women,Gold
USA,United States,304093966,Football,Women,Gold
USA,United States,304093966,Football,Women,Gold
USA,United States,304093966,Football,Women,Gold
USA,United States,304093966,Football,Women,Gold
USA,United States,304093966,Football,Women,Gold
USA,United States,304093966,Football,Women,Gold
USA,United States,304093966,Football,Women,Gold
USA,United States,304093966,Football,Women,Gold
USA,United States,304093966,Gymnastics,Women,Silver
USA,United States,304093966,Gymnastics,Women,Silver
USA,United States,304093966,Gymnastics,Men,Bronze
USA,United States,304093966,Gymnastics,Men,Bronze
USA,United States,304093966,Gymnastics,Men,Bronze
USA,United States,304093966,Gymnastics,Men,Bronze
USA,United States,304093966,Gymnastics,Women,Silver
USA,United States,304093966,Gymnastics,Women,Silver
USA,United States,304093966,Gymnastics,Women,Gold
USA,United States,304093966,Gymnastics,Women,Silver
USA,United States,304093966,Gymnastics,Women,Silver
USA,United States,304093966,Gymnastics,Women,Silver
USA,United States,304093966,Gymnastics,Men,Bronze
USA,United States,304093966,Gymnastics,Men,Bronze
USA,United States,304093966,Gymnastics,Women,Gold
USA,United States,304093966,Gymnastics,Women,Silver
USA,United States,304093966,Gymnastics,Women,Silver
USA,United States,304093966,Gymnastics,Women,Bronze
USA,United States,304093966,Gymnastics,Men,Silver
USA,United States,304093966,Gymnastics,Women,Silver
USA,United States,304093966,Judo,Women,Bronze
USA,United States,304093966,Rowing,Men,Bronze
USA,United States,304093966,Rowing,Women,Gold
USA,United States,304093966,Rowing,Men,Bronze
USA,United States,304093966,Rowing,Men,Bronze
USA,United States,304093966,Rowing,Men,Bronze
USA,United States,304093966,Rowing,Men,Bronze
USA,United States,304093966,Rowing,Men,Bronze
USA,United States,304093966,Rowing,Women,Silver
USA,United States,304093966,Rowing,Men,Bronze
USA,United States,304093966,Rowing,Men,Bronze
USA,United States,304093966,Rowing,Women,Gold
USA,United States,304093966,Rowing,Women,Gold
USA,United States,304093966,Rowing,Women,Gold
USA,United States,304093966,Rowing,Women,Gold
USA,United States,304093966,Rowing,Women,Gold
USA,United States,304093966,Rowing,Women,Gold
USA,United States,304093966,Rowing,Women,Gold
USA,United States,304093966,Rowing,Women,Gold
USA,United States,304093966,Rowing,Men,Bronze
USA,United States,304093966,Sailing,Women,Gold
USA,United States,304093966,Sailing,Men,Silver
USA,United States,304093966,Shooting,Men,Silver
USA,United States,304093966,Shooting,Men,Bronze
USA,United States,304093966,Shooting,Women,Bronze
USA,United States,304093966,Shooting,Women,Silver
USA,United States,304093966,Shooting,Men,Gold
USA,United States,304093966,Shooting,Men,Gold
USA,United States,304093966,Softball,Women,Silver
USA,United States,304093966,Softball,Women,Silver
USA,United States,304093966,Softball,Women,Silver
USA,United States,304093966,Softball,Women,Silver
USA,United States,304093966,Softball,Women,Silver
USA,United States,304093966,Softball,Women,Silver
USA,United States,304093966,Softball,Women,Silver
USA,United States,304093966,Softball,Women,Silver
USA,United States,304093966,Softball,Women,Silver
USA,United States,304093966,Softball,Women,Silver
USA,United States,304093966,Softball,Women,Silver
USA,United States,304093966,Softball,Women,Silver
USA,United States,304093966,Softball,Women,Silver
USA,United States,304093966,Softball,Women,Silver
USA,United States,304093966,Softball,Women,Silver
USA,United States,304093966,Taekwondo,Men,Silver
USA,United States,304093966,Taekwondo,Men,Bronze
USA,United States,304093966,Taekwondo,Women,Bronze
USA,United States,304093966,Tennis,Women,Gold
USA,United States,304093966,Tennis,Women,Gold
USA,United States,304093966,Tennis,Men,Bronze
USA,United States,304093966,Tennis,Men,Bronze
USA,United States,304093966,Volleyball,Women,Silver
USA,United States,304093966,Volleyball,Men,Gold
USA,United States,304093966,Volleyball,Women,Silver
USA,United States,304093966,Volleyball,Women,Silver
USA,United States,304093966,Volleyball,Women,Silver
USA,United States,304093966,Volleyball,Women,Silver
USA,United States,304093966,Volleyball,Women,Silver
USA,United States,304093966,Volleyball,Women,Silver
USA,United States,304093966,Volleyball,Men,Gold
USA,United States,304093966,Volleyball,Men,Gold
USA,United States,304093966,Volleyball,Women,Gold
USA,United States,304093966,Volleyball,Women,Gold
USA,United States,304093966,Volleyball,Men,Gold
USA,United States,304093966,Volleyball,Men,Gold
USA,United States,304093966,Volleyball,Women,Silver
USA,United States,304093966,Volleyball,Women,Silver
USA,United States,304093966,Volleyball,Women,Silver
USA,United States,304093966,Volleyball,Women,Silver
USA,United States,304093966,Volleyball,Men,Gold
USA,United States,304093966,Volleyball,Men,Gold
USA,United States,304093966,Volleyball,Men,Gold
USA,United States,304093966,Volleyball,Men,Gold
USA,United States,304093966,Volleyball,Men,Gold
USA,United States,304093966,Volleyball,Men,Gold
USA,United States,304093966,Volleyball,Men,Gold
USA,United States,304093966,Volleyball,Men,Gold
USA,United States,304093966,Volleyball,Men,Gold
USA,United States,304093966,Volleyball,Women,Silver
USA,United States,304093966,Wrestling,Men,Gold
USA,United States,304093966,Wrestling,Women,Bronze
USA,United States,304093966,Wrestling,Men,Bronze
UZB,Uzbekistan,27302800,Gymnastics,Men,Bronze
UZB,Uzbekistan,27302800,Gymnastics,Women,Bronze
UZB,Uzbekistan,27302800,Judo,Men,Silver
UZB,Uzbekistan,27302800,Judo,Men,Bronze
UZB,Uzbekistan,27302800,Wrestling,Men,Silver
UZB,Uzbekistan,27302800,Wrestling,Men,Gold
VEN,"Venezuela, RB",28120312,Taekwondo,Women,Bronze
VIE,Vietnam,85597241,Weightlifting,Men,Silver
ZIM,Zimbabwe,12550347,Aquatics,Women,Silver
ZIM,Zimbabwe,12550347,Aquatics,Women,Silver
ZIM,Zimbabwe,12550347,Aquatics,Women,Silver
ZIM,Zimbabwe,12550347,Aquatics,Women,Gold
